seed,feature_set,balance,split,accuracy_mjd_start,balanced_accuracy_mjd_start,macro_f1_mjd_start,accuracy_hjd_mid,balanced_accuracy_hjd_mid,macro_f1_hjd_mid
1,basic,natural,validation,0.6438848920863309,0.6433520316728842,0.6455974715145701,0.6438848920863309,0.6433520316728842,0.6455974715145701
1,basic,natural,test,0.679136690647482,0.6805368048858887,0.6809465631858812,0.679136690647482,0.6805368048858887,0.6809465631858812
1,basic + period,natural,validation,0.814748201438849,0.8127057274522712,0.8160169018576099,0.814748201438849,0.8127057274522712,0.8160169018576099
1,basic + period,natural,test,0.8244604316546763,0.827102753669774,0.8259513318162273,0.8244604316546763,0.827102753669774,0.8259513318162273
1,basic + period/window,natural,validation,0.8183453237410072,0.8165093994587082,0.8203018858007612,0.814748201438849,0.8123742776680564,0.816063897842951
1,basic + period/window,natural,test,0.8287769784172662,0.8309426229508198,0.8298476831810165,0.8258992805755395,0.8294144433729776,0.8272430339397419
1,period/window + shape,natural,validation,0.8327338129496403,0.82959823714432,0.8326613151176866,0.8579136690647482,0.8562925170068029,0.8586038648896102
1,period/window + shape,natural,test,0.8776978417266187,0.8787996892746169,0.8772585475796918,0.8805755395683453,0.8837980820743598,0.8808685222685351
1,corrected full,natural,validation,0.8597122302158273,0.8553027393753201,0.858520605246803,0.8651079136690647,0.8619740234803599,0.8642450438219803
1,corrected full,natural,test,0.8848920863309353,0.8873111539697845,0.8849789256568918,0.8820143884892087,0.8849177649201757,0.8816286935156169
1,corrected full,undersampling,validation,0.8615107913669064,0.8610962530173359,0.8604519913401223,0.8561151079136691,0.8554250329163923,0.8548235996042647
1,corrected full,undersampling,test,0.8848920863309353,0.8899161577199185,0.8844317098235681,0.883453237410072,0.8870084645880211,0.8830621407949577
1,corrected full,oversampling,validation,0.8579136690647482,0.8554296046375539,0.8570801652211838,0.8615107913669064,0.8589018268597762,0.860635728029957
1,corrected full,oversampling,test,0.8820143884892087,0.8857829743919425,0.8818820954208079,0.8820143884892087,0.8853503696560591,0.8816730014388794
