seed,feature_set,accuracy,balanced_accuracy,macro_f1
1,basic,0.679136690647482,0.6805368048858887,0.680958174294939
1,basic + period,0.8244604316546763,0.827102753669774,0.8259513318162273
1,basic + period/window,0.8258992805755395,0.8294144433729776,0.8272430339397419
1,period/window + shape,0.8805755395683453,0.8837980820743598,0.8808685222685351
1,corrected full,0.8820143884892087,0.8849177649201757,0.8816286935156169
2,basic,0.6460431654676259,0.6502839387120969,0.6478286428167507
2,basic + period,0.8287769784172662,0.8286068252437587,0.8314525216115869
2,basic + period/window,0.8359712230215828,0.8349552662595093,0.838037401195296
2,period/window + shape,0.8633093525179856,0.8609597664202293,0.8631815557561141
2,corrected full,0.8733812949640288,0.8705185899496412,0.8721943882882619
3,basic,0.6618705035971223,0.6592748848173149,0.6620076842841864
3,basic + period,0.8287769784172662,0.8305676095574842,0.8297144434548457
3,basic + period/window,0.8244604316546763,0.8258049394621237,0.825878450548135
3,period/window + shape,0.8661870503597122,0.8646121290046073,0.864012325829646
3,corrected full,0.8776978417266187,0.8768000642880103,0.8760851433940268
4,basic,0.7050359712230215,0.7015763955855566,0.703434034265528
4,basic + period,0.8388489208633093,0.8341088074574091,0.840199853325735
4,basic + period/window,0.8431654676258993,0.8381120754312654,0.8439100492851579
4,period/window + shape,0.8719424460431655,0.8653902817957784,0.8706471581825531
4,corrected full,0.8892086330935252,0.8823743705132326,0.8873318046890275
5,basic,0.6776978417266187,0.6711306653809065,0.6755440654421978
5,basic + period,0.8489208633093526,0.8439850530376084,0.8497507322442628
5,basic + period/window,0.8589928057553957,0.8533804778742097,0.8585499836345597
5,period/window + shape,0.8863309352517985,0.8800867888138862,0.8851076959494328
5,corrected full,0.8906474820143885,0.8870700739312118,0.889104628069072
6,basic,0.7050359712230215,0.7030858244937318,0.705424210429003
6,basic + period,0.837410071942446,0.8357481517197044,0.8392535853667594
6,basic + period/window,0.8402877697841726,0.8377665273759778,0.8410846581603836
6,period/window + shape,0.8820143884892087,0.8796019500696453,0.8823452638607977
6,corrected full,0.8906474820143885,0.8872240972891889,0.8911745782235349
7,basic,0.6733812949640288,0.6780188578163506,0.6745614238400875
7,basic + period,0.8359712230215828,0.8428760848601736,0.8371408526406613
7,basic + period/window,0.8359712230215828,0.84244348012429,0.836817339721712
7,period/window + shape,0.8719424460431655,0.8776371477552769,0.8724485491743746
7,corrected full,0.8805755395683453,0.885153487624558,0.8805442701639569
8,basic,0.6805755395683454,0.6793300653594772,0.6803842062350185
8,basic + period,0.8402877697841726,0.8418903353691203,0.8409716274547314
8,basic + period/window,0.837410071942446,0.8383531554698381,0.838228603372689
8,period/window + shape,0.874820143884892,0.8730994856959177,0.8740575414802555
8,corrected full,0.874820143884892,0.8734262830815386,0.8736586525478888
9,basic,0.7093525179856115,0.7056854709096753,0.7085897545296992
9,basic + period,0.8589928057553957,0.8583601200042859,0.8596565231060801
9,basic + period/window,0.8532374100719424,0.8521027536697741,0.8538238478177361
9,period/window + shape,0.8848920863309353,0.8811877209900354,0.8838381728477019
9,corrected full,0.8820143884892087,0.8773813350476803,0.8807530327872297
10,basic,0.6863309352517986,0.6914416586306654,0.6884370148085756
10,basic + period,0.8446043165467626,0.8417791706846675,0.8439825354905949
10,basic + period/window,0.841726618705036,0.8404626058073502,0.8422897940004579
10,period/window + shape,0.8848920863309353,0.8812453123325833,0.8837745679546894
10,corrected full,0.8705035971223022,0.8681734169077467,0.8698157852861748
