source_id,offset,prediction
1492,0.0,Pulsating
1492,0.015625,Pulsating
1492,0.03125,Pulsating
1492,0.046875,Pulsating
1492,0.0625,Pulsating
170389,0.0,Pulsating
170389,0.015625,Pulsating
170389,0.03125,Pulsating
170389,0.046875,Pulsating
170389,0.0625,Pulsating
174274,0.0,Pulsating
174274,0.015625,Pulsating
174274,0.03125,Pulsating
174274,0.046875,Pulsating
174274,0.0625,Pulsating
182732,0.0,Pulsating
182732,0.015625,Pulsating
182732,0.03125,Pulsating
182732,0.046875,Pulsating
182732,0.0625,Pulsating
351642,0.0,Ecl
351642,0.015625,Ecl
351642,0.03125,Ecl
351642,0.046875,Ecl
351642,0.0625,Ecl
354735,0.0,Pulsating
354735,0.015625,Pulsating
354735,0.03125,Pulsating
354735,0.046875,Pulsating
354735,0.0625,Pulsating
356877,0.0,Pulsating
356877,0.015625,Pulsating
356877,0.03125,Pulsating
356877,0.046875,Pulsating
356877,0.0625,Pulsating
391705,0.0,Pulsating
391705,0.015625,Ecl
391705,0.03125,Pulsating
391705,0.046875,Ecl
391705,0.0625,Pulsating
396749,0.0,rotational star
396749,0.015625,rotational star
396749,0.03125,rotational star
396749,0.046875,rotational star
396749,0.0625,rotational star
401124,0.0,Pulsating
401124,0.015625,Pulsating
401124,0.03125,Pulsating
401124,0.046875,Pulsating
401124,0.0625,Pulsating
401420,0.0,rotational star
401420,0.015625,Ecl
401420,0.03125,rotational star
401420,0.046875,Ecl
401420,0.0625,rotational star
416128,0.0,Ecl
416128,0.015625,Ecl
416128,0.03125,Ecl
416128,0.046875,Ecl
416128,0.0625,Ecl
517541,0.0,Ecl
517541,0.015625,Ecl
517541,0.03125,Ecl
517541,0.046875,Ecl
517541,0.0625,Ecl
654210,0.0,Pulsating
654210,0.015625,Pulsating
654210,0.03125,Pulsating
654210,0.046875,Pulsating
654210,0.0625,Pulsating
682103,0.0,Pulsating
682103,0.015625,Pulsating
682103,0.03125,Pulsating
682103,0.046875,Pulsating
682103,0.0625,Pulsating
705322,0.0,Pulsating
705322,0.015625,Pulsating
705322,0.03125,Pulsating
705322,0.046875,Pulsating
705322,0.0625,Pulsating
706627,0.0,rotational star
706627,0.015625,rotational star
706627,0.03125,rotational star
706627,0.046875,rotational star
706627,0.0625,rotational star
713256,0.0,rotational star
713256,0.015625,rotational star
713256,0.03125,rotational star
713256,0.046875,rotational star
713256,0.0625,rotational star
720276,0.0,Ecl
720276,0.015625,Ecl
720276,0.03125,Ecl
720276,0.046875,Ecl
720276,0.0625,Ecl
720910,0.0,Ecl
720910,0.015625,Ecl
720910,0.03125,Ecl
720910,0.046875,Ecl
720910,0.0625,Ecl
795063,0.0,Ecl
795063,0.015625,Ecl
795063,0.03125,Ecl
795063,0.046875,Ecl
795063,0.0625,Ecl
806270,0.0,rotational star
806270,0.015625,rotational star
806270,0.03125,rotational star
806270,0.046875,rotational star
806270,0.0625,rotational star
855356,0.0,Ecl
855356,0.015625,Ecl
855356,0.03125,Ecl
855356,0.046875,Ecl
855356,0.0625,Ecl
891487,0.0,rotational star
891487,0.015625,rotational star
891487,0.03125,rotational star
891487,0.046875,rotational star
891487,0.0625,rotational star
893445,0.0,Pulsating
893445,0.015625,Pulsating
893445,0.03125,Pulsating
893445,0.046875,Pulsating
893445,0.0625,Pulsating
989130,0.0,Pulsating
989130,0.015625,Pulsating
989130,0.03125,Pulsating
989130,0.046875,Pulsating
989130,0.0625,Pulsating
989377,0.0,rotational star
989377,0.015625,rotational star
989377,0.03125,rotational star
989377,0.046875,rotational star
989377,0.0625,rotational star
993864,0.0,Ecl
993864,0.015625,Ecl
993864,0.03125,Ecl
993864,0.046875,Ecl
993864,0.0625,Ecl
1085172,0.0,rotational star
1085172,0.015625,rotational star
1085172,0.03125,rotational star
1085172,0.046875,rotational star
1085172,0.0625,rotational star
1086245,0.0,Pulsating
1086245,0.015625,Pulsating
1086245,0.03125,Pulsating
1086245,0.046875,Pulsating
1086245,0.0625,Pulsating
1086977,0.0,rotational star
1086977,0.015625,rotational star
1086977,0.03125,rotational star
1086977,0.046875,rotational star
1086977,0.0625,rotational star
1087883,0.0,Pulsating
1087883,0.015625,Pulsating
1087883,0.03125,Pulsating
1087883,0.046875,Pulsating
1087883,0.0625,Pulsating
1137195,0.0,Pulsating
1137195,0.015625,Pulsating
1137195,0.03125,Pulsating
1137195,0.046875,Pulsating
1137195,0.0625,Pulsating
1359057,0.0,Ecl
1359057,0.015625,Ecl
1359057,0.03125,Ecl
1359057,0.046875,Ecl
1359057,0.0625,Ecl
1360465,0.0,Ecl
1360465,0.015625,Ecl
1360465,0.03125,Ecl
1360465,0.046875,Ecl
1360465,0.0625,Ecl
1399779,0.0,Ecl
1399779,0.015625,Ecl
1399779,0.03125,Ecl
1399779,0.046875,Ecl
1399779,0.0625,Ecl
1400413,0.0,Pulsating
1400413,0.015625,Pulsating
1400413,0.03125,Pulsating
1400413,0.046875,Pulsating
1400413,0.0625,Pulsating
1465995,0.0,rotational star
1465995,0.015625,rotational star
1465995,0.03125,rotational star
1465995,0.046875,rotational star
1465995,0.0625,rotational star
1486152,0.0,Ecl
1486152,0.015625,Ecl
1486152,0.03125,Ecl
1486152,0.046875,Ecl
1486152,0.0625,Ecl
1486807,0.0,Ecl
1486807,0.015625,Ecl
1486807,0.03125,Ecl
1486807,0.046875,Ecl
1486807,0.0625,Ecl
1487155,0.0,Pulsating
1487155,0.015625,Pulsating
1487155,0.03125,Pulsating
1487155,0.046875,Pulsating
1487155,0.0625,Pulsating
1487228,0.0,rotational star
1487228,0.015625,rotational star
1487228,0.03125,rotational star
1487228,0.046875,rotational star
1487228,0.0625,rotational star
1488730,0.0,rotational star
1488730,0.015625,rotational star
1488730,0.03125,rotational star
1488730,0.046875,rotational star
1488730,0.0625,rotational star
1520574,0.0,rotational star
1520574,0.015625,Ecl
1520574,0.03125,rotational star
1520574,0.046875,Ecl
1520574,0.0625,rotational star
1525735,0.0,Pulsating
1525735,0.015625,Pulsating
1525735,0.03125,Pulsating
1525735,0.046875,Pulsating
1525735,0.0625,Pulsating
1529400,0.0,Pulsating
1529400,0.015625,Pulsating
1529400,0.03125,Pulsating
1529400,0.046875,Pulsating
1529400,0.0625,Pulsating
1533092,0.0,Pulsating
1533092,0.015625,Pulsating
1533092,0.03125,Pulsating
1533092,0.046875,Pulsating
1533092,0.0625,Pulsating
1534333,0.0,Pulsating
1534333,0.015625,Pulsating
1534333,0.03125,Pulsating
1534333,0.046875,Pulsating
1534333,0.0625,Pulsating
1540909,0.0,Ecl
1540909,0.015625,Ecl
1540909,0.03125,Ecl
1540909,0.046875,Ecl
1540909,0.0625,Ecl
1542965,0.0,Pulsating
1542965,0.015625,Pulsating
1542965,0.03125,Pulsating
1542965,0.046875,Pulsating
1542965,0.0625,Pulsating
1786207,0.0,rotational star
1786207,0.015625,rotational star
1786207,0.03125,rotational star
1786207,0.046875,rotational star
1786207,0.0625,rotational star
1786713,0.0,Pulsating
1786713,0.015625,Pulsating
1786713,0.03125,Pulsating
1786713,0.046875,Pulsating
1786713,0.0625,Pulsating
1787905,0.0,rotational star
1787905,0.015625,rotational star
1787905,0.03125,rotational star
1787905,0.046875,rotational star
1787905,0.0625,rotational star
1788906,0.0,Ecl
1788906,0.015625,Ecl
1788906,0.03125,Ecl
1788906,0.046875,Ecl
1788906,0.0625,Ecl
1815795,0.0,Pulsating
1815795,0.015625,Pulsating
1815795,0.03125,Pulsating
1815795,0.046875,Pulsating
1815795,0.0625,Pulsating
1819187,0.0,Ecl
1819187,0.015625,Ecl
1819187,0.03125,Ecl
1819187,0.046875,Ecl
1819187,0.0625,Ecl
1821852,0.0,Pulsating
1821852,0.015625,Pulsating
1821852,0.03125,Pulsating
1821852,0.046875,Pulsating
1821852,0.0625,Pulsating
1858419,0.0,Ecl
1858419,0.015625,Ecl
1858419,0.03125,Ecl
1858419,0.046875,Ecl
1858419,0.0625,Ecl
1866879,0.0,Pulsating
1866879,0.015625,Pulsating
1866879,0.03125,Pulsating
1866879,0.046875,Pulsating
1866879,0.0625,Pulsating
1967928,0.0,rotational star
1967928,0.015625,rotational star
1967928,0.03125,rotational star
1967928,0.046875,rotational star
1967928,0.0625,rotational star
2028803,0.0,rotational star
2028803,0.015625,Ecl
2028803,0.03125,rotational star
2028803,0.046875,Ecl
2028803,0.0625,rotational star
2030192,0.0,Ecl
2030192,0.015625,Ecl
2030192,0.03125,Ecl
2030192,0.046875,Ecl
2030192,0.0625,Ecl
2078896,0.0,Pulsating
2078896,0.015625,Pulsating
2078896,0.03125,Pulsating
2078896,0.046875,Pulsating
2078896,0.0625,Pulsating
2210879,0.0,rotational star
2210879,0.015625,rotational star
2210879,0.03125,rotational star
2210879,0.046875,rotational star
2210879,0.0625,rotational star
2211515,0.0,rotational star
2211515,0.015625,rotational star
2211515,0.03125,rotational star
2211515,0.046875,rotational star
2211515,0.0625,rotational star
2255202,0.0,Ecl
2255202,0.015625,Ecl
2255202,0.03125,Ecl
2255202,0.046875,Ecl
2255202,0.0625,Ecl
2710434,0.0,rotational star
2710434,0.015625,rotational star
2710434,0.03125,rotational star
2710434,0.046875,rotational star
2710434,0.0625,rotational star
2854870,0.0,Ecl
2854870,0.015625,Ecl
2854870,0.03125,Ecl
2854870,0.046875,Ecl
2854870,0.0625,Ecl
3037433,0.0,rotational star
3037433,0.015625,rotational star
3037433,0.03125,rotational star
3037433,0.046875,rotational star
3037433,0.0625,rotational star
3039026,0.0,Pulsating
3039026,0.015625,Pulsating
3039026,0.03125,Pulsating
3039026,0.046875,Pulsating
3039026,0.0625,Pulsating
3053459,0.0,Pulsating
3053459,0.015625,Pulsating
3053459,0.03125,Pulsating
3053459,0.046875,Pulsating
3053459,0.0625,Pulsating
3064343,0.0,Ecl
3064343,0.015625,Ecl
3064343,0.03125,Ecl
3064343,0.046875,Ecl
3064343,0.0625,Ecl
3262989,0.0,Ecl
3262989,0.015625,Ecl
3262989,0.03125,Ecl
3262989,0.046875,Ecl
3262989,0.0625,Ecl
3267525,0.0,Ecl
3267525,0.015625,Ecl
3267525,0.03125,Ecl
3267525,0.046875,Ecl
3267525,0.0625,Ecl
3268443,0.0,Ecl
3268443,0.015625,Ecl
3268443,0.03125,Ecl
3268443,0.046875,Ecl
3268443,0.0625,Ecl
3294397,0.0,Ecl
3294397,0.015625,Ecl
3294397,0.03125,Ecl
3294397,0.046875,Ecl
3294397,0.0625,Ecl
3308758,0.0,Pulsating
3308758,0.015625,Pulsating
3308758,0.03125,Pulsating
3308758,0.046875,Pulsating
3308758,0.0625,Pulsating
3316875,0.0,rotational star
3316875,0.015625,Ecl
3316875,0.03125,rotational star
3316875,0.046875,Ecl
3316875,0.0625,rotational star
3320934,0.0,rotational star
3320934,0.015625,rotational star
3320934,0.03125,rotational star
3320934,0.046875,rotational star
3320934,0.0625,rotational star
3384809,0.0,Pulsating
3384809,0.015625,Pulsating
3384809,0.03125,Pulsating
3384809,0.046875,Pulsating
3384809,0.0625,Pulsating
3402113,0.0,Ecl
3402113,0.015625,Ecl
3402113,0.03125,Ecl
3402113,0.046875,Ecl
3402113,0.0625,Ecl
3515396,0.0,Pulsating
3515396,0.015625,Pulsating
3515396,0.03125,Pulsating
3515396,0.046875,Pulsating
3515396,0.0625,Pulsating
3530716,0.0,Ecl
3530716,0.015625,Ecl
3530716,0.03125,Ecl
3530716,0.046875,Ecl
3530716,0.0625,Ecl
3532457,0.0,rotational star
3532457,0.015625,rotational star
3532457,0.03125,rotational star
3532457,0.046875,rotational star
3532457,0.0625,rotational star
3535885,0.0,Pulsating
3535885,0.015625,Pulsating
3535885,0.03125,Pulsating
3535885,0.046875,Pulsating
3535885,0.0625,Pulsating
3536386,0.0,Ecl
3536386,0.015625,Ecl
3536386,0.03125,Ecl
3536386,0.046875,Ecl
3536386,0.0625,Ecl
3538485,0.0,Pulsating
3538485,0.015625,Pulsating
3538485,0.03125,Pulsating
3538485,0.046875,Pulsating
3538485,0.0625,Pulsating
3538828,0.0,rotational star
3538828,0.015625,rotational star
3538828,0.03125,rotational star
3538828,0.046875,rotational star
3538828,0.0625,rotational star
3539430,0.0,Pulsating
3539430,0.015625,Pulsating
3539430,0.03125,Pulsating
3539430,0.046875,Pulsating
3539430,0.0625,Pulsating
3540068,0.0,Pulsating
3540068,0.015625,Pulsating
3540068,0.03125,Pulsating
3540068,0.046875,Pulsating
3540068,0.0625,Pulsating
3563158,0.0,Pulsating
3563158,0.015625,Pulsating
3563158,0.03125,Pulsating
3563158,0.046875,Pulsating
3563158,0.0625,Pulsating
3573648,0.0,Pulsating
3573648,0.015625,Pulsating
3573648,0.03125,Pulsating
3573648,0.046875,Pulsating
3573648,0.0625,Pulsating
3574286,0.0,Pulsating
3574286,0.015625,Pulsating
3574286,0.03125,Pulsating
3574286,0.046875,Pulsating
3574286,0.0625,Pulsating
3578120,0.0,Ecl
3578120,0.015625,Ecl
3578120,0.03125,Ecl
3578120,0.046875,Ecl
3578120,0.0625,Ecl
3578629,0.0,Pulsating
3578629,0.015625,Pulsating
3578629,0.03125,Pulsating
3578629,0.046875,Pulsating
3578629,0.0625,Pulsating
3579296,0.0,Pulsating
3579296,0.015625,Pulsating
3579296,0.03125,Pulsating
3579296,0.046875,Pulsating
3579296,0.0625,Pulsating
3580689,0.0,rotational star
3580689,0.015625,rotational star
3580689,0.03125,rotational star
3580689,0.046875,rotational star
3580689,0.0625,rotational star
3581809,0.0,Ecl
3581809,0.015625,Ecl
3581809,0.03125,Ecl
3581809,0.046875,Ecl
3581809,0.0625,Ecl
3610544,0.0,Pulsating
3610544,0.015625,Pulsating
3610544,0.03125,Pulsating
3610544,0.046875,Pulsating
3610544,0.0625,Pulsating
3707618,0.0,Pulsating
3707618,0.015625,Pulsating
3707618,0.03125,Pulsating
3707618,0.046875,Pulsating
3707618,0.0625,Pulsating
3712377,0.0,Pulsating
3712377,0.015625,Pulsating
3712377,0.03125,Pulsating
3712377,0.046875,Pulsating
3712377,0.0625,Pulsating
3778222,0.0,rotational star
3778222,0.015625,rotational star
3778222,0.03125,rotational star
3778222,0.046875,rotational star
3778222,0.0625,rotational star
3879596,0.0,Pulsating
3879596,0.015625,Pulsating
3879596,0.03125,Pulsating
3879596,0.046875,Pulsating
3879596,0.0625,Pulsating
3888880,0.0,Pulsating
3888880,0.015625,Pulsating
3888880,0.03125,Pulsating
3888880,0.046875,Pulsating
3888880,0.0625,Pulsating
3888905,0.0,rotational star
3888905,0.015625,rotational star
3888905,0.03125,rotational star
3888905,0.046875,rotational star
3888905,0.0625,rotational star
3891826,0.0,Ecl
3891826,0.015625,Ecl
3891826,0.03125,Ecl
3891826,0.046875,Ecl
3891826,0.0625,Ecl
3900804,0.0,Ecl
3900804,0.015625,Ecl
3900804,0.03125,Ecl
3900804,0.046875,Ecl
3900804,0.0625,Ecl
4016172,0.0,Pulsating
4016172,0.015625,Pulsating
4016172,0.03125,Pulsating
4016172,0.046875,Pulsating
4016172,0.0625,Pulsating
4052360,0.0,Ecl
4052360,0.015625,Ecl
4052360,0.03125,Ecl
4052360,0.046875,Ecl
4052360,0.0625,Ecl
4053354,0.0,Pulsating
4053354,0.015625,Pulsating
4053354,0.03125,Pulsating
4053354,0.046875,Pulsating
4053354,0.0625,Pulsating
4085335,0.0,Pulsating
4085335,0.015625,Pulsating
4085335,0.03125,Pulsating
4085335,0.046875,Pulsating
4085335,0.0625,Pulsating
4086437,0.0,Ecl
4086437,0.015625,Ecl
4086437,0.03125,Ecl
4086437,0.046875,Ecl
4086437,0.0625,Ecl
4112322,0.0,Ecl
4112322,0.015625,Ecl
4112322,0.03125,Ecl
4112322,0.046875,Ecl
4112322,0.0625,Ecl
4112453,0.0,Pulsating
4112453,0.015625,Pulsating
4112453,0.03125,Pulsating
4112453,0.046875,Pulsating
4112453,0.0625,Pulsating
4154491,0.0,rotational star
4154491,0.015625,rotational star
4154491,0.03125,rotational star
4154491,0.046875,rotational star
4154491,0.0625,rotational star
4165556,0.0,Ecl
4165556,0.015625,Ecl
4165556,0.03125,Ecl
4165556,0.046875,Ecl
4165556,0.0625,Ecl
4202285,0.0,rotational star
4202285,0.015625,rotational star
4202285,0.03125,rotational star
4202285,0.046875,rotational star
4202285,0.0625,rotational star
4203764,0.0,Pulsating
4203764,0.015625,Pulsating
4203764,0.03125,Pulsating
4203764,0.046875,Pulsating
4203764,0.0625,Pulsating
4204543,0.0,Ecl
4204543,0.015625,Ecl
4204543,0.03125,Ecl
4204543,0.046875,Ecl
4204543,0.0625,Ecl
4204760,0.0,rotational star
4204760,0.015625,rotational star
4204760,0.03125,rotational star
4204760,0.046875,rotational star
4204760,0.0625,rotational star
4207350,0.0,Ecl
4207350,0.015625,Ecl
4207350,0.03125,Ecl
4207350,0.046875,Ecl
4207350,0.0625,Ecl
4221224,0.0,rotational star
4221224,0.015625,rotational star
4221224,0.03125,rotational star
4221224,0.046875,rotational star
4221224,0.0625,rotational star
4222140,0.0,Pulsating
4222140,0.015625,Pulsating
4222140,0.03125,Pulsating
4222140,0.046875,Pulsating
4222140,0.0625,Pulsating
4318493,0.0,Ecl
4318493,0.015625,Ecl
4318493,0.03125,Ecl
4318493,0.046875,Ecl
4318493,0.0625,Ecl
4319767,0.0,Ecl
4319767,0.015625,Ecl
4319767,0.03125,Ecl
4319767,0.046875,Ecl
4319767,0.0625,Ecl
4503100,0.0,Ecl
4503100,0.015625,Ecl
4503100,0.03125,Ecl
4503100,0.046875,Ecl
4503100,0.0625,Ecl
4503752,0.0,Ecl
4503752,0.015625,Ecl
4503752,0.03125,Ecl
4503752,0.046875,Ecl
4503752,0.0625,Ecl
4525993,0.0,Ecl
4525993,0.015625,Ecl
4525993,0.03125,Ecl
4525993,0.046875,Ecl
4525993,0.0625,Ecl
4531285,0.0,Ecl
4531285,0.015625,Ecl
4531285,0.03125,Ecl
4531285,0.046875,Ecl
4531285,0.0625,Ecl
4555438,0.0,Pulsating
4555438,0.015625,Pulsating
4555438,0.03125,Pulsating
4555438,0.046875,Pulsating
4555438,0.0625,Pulsating
4555634,0.0,rotational star
4555634,0.015625,rotational star
4555634,0.03125,rotational star
4555634,0.046875,rotational star
4555634,0.0625,rotational star
4556326,0.0,rotational star
4556326,0.015625,rotational star
4556326,0.03125,rotational star
4556326,0.046875,rotational star
4556326,0.0625,rotational star
4558584,0.0,rotational star
4558584,0.015625,rotational star
4558584,0.03125,rotational star
4558584,0.046875,rotational star
4558584,0.0625,rotational star
4559117,0.0,rotational star
4559117,0.015625,rotational star
4559117,0.03125,rotational star
4559117,0.046875,rotational star
4559117,0.0625,rotational star
4560178,0.0,rotational star
4560178,0.015625,rotational star
4560178,0.03125,rotational star
4560178,0.046875,rotational star
4560178,0.0625,rotational star
4603259,0.0,Ecl
4603259,0.015625,Pulsating
4603259,0.03125,Ecl
4603259,0.046875,Pulsating
4603259,0.0625,Ecl
4627821,0.0,rotational star
4627821,0.015625,rotational star
4627821,0.03125,rotational star
4627821,0.046875,rotational star
4627821,0.0625,rotational star
4720963,0.0,Pulsating
4720963,0.015625,Pulsating
4720963,0.03125,Pulsating
4720963,0.046875,Pulsating
4720963,0.0625,Pulsating
4991083,0.0,Ecl
4991083,0.015625,Ecl
4991083,0.03125,Ecl
4991083,0.046875,Ecl
4991083,0.0625,Ecl
5103090,0.0,rotational star
5103090,0.015625,rotational star
5103090,0.03125,rotational star
5103090,0.046875,rotational star
5103090,0.0625,rotational star
5108781,0.0,Ecl
5108781,0.015625,Ecl
5108781,0.03125,Ecl
5108781,0.046875,Ecl
5108781,0.0625,Ecl
5229099,0.0,rotational star
5229099,0.015625,rotational star
5229099,0.03125,rotational star
5229099,0.046875,rotational star
5229099,0.0625,rotational star
5230789,0.0,Ecl
5230789,0.015625,Ecl
5230789,0.03125,Ecl
5230789,0.046875,Ecl
5230789,0.0625,Ecl
5231192,0.0,Pulsating
5231192,0.015625,Pulsating
5231192,0.03125,Pulsating
5231192,0.046875,Pulsating
5231192,0.0625,Pulsating
5285064,0.0,Ecl
5285064,0.015625,Ecl
5285064,0.03125,Ecl
5285064,0.046875,Ecl
5285064,0.0625,Ecl
5387464,0.0,Ecl
5387464,0.015625,Ecl
5387464,0.03125,Ecl
5387464,0.046875,Ecl
5387464,0.0625,Ecl
5388985,0.0,rotational star
5388985,0.015625,rotational star
5388985,0.03125,rotational star
5388985,0.046875,rotational star
5388985,0.0625,rotational star
5446648,0.0,rotational star
5446648,0.015625,rotational star
5446648,0.03125,rotational star
5446648,0.046875,rotational star
5446648,0.0625,rotational star
5446653,0.0,Ecl
5446653,0.015625,Ecl
5446653,0.03125,Ecl
5446653,0.046875,Ecl
5446653,0.0625,Ecl
5448059,0.0,Ecl
5448059,0.015625,Ecl
5448059,0.03125,Ecl
5448059,0.046875,Ecl
5448059,0.0625,Ecl
5502401,0.0,Pulsating
5502401,0.015625,Pulsating
5502401,0.03125,Pulsating
5502401,0.046875,Pulsating
5502401,0.0625,Pulsating
5552243,0.0,Pulsating
5552243,0.015625,Ecl
5552243,0.03125,Pulsating
5552243,0.046875,Ecl
5552243,0.0625,Pulsating
5703162,0.0,rotational star
5703162,0.015625,rotational star
5703162,0.03125,rotational star
5703162,0.046875,rotational star
5703162,0.0625,rotational star
5839093,0.0,Pulsating
5839093,0.015625,Pulsating
5839093,0.03125,Pulsating
5839093,0.046875,Pulsating
5839093,0.0625,Pulsating
5855159,0.0,Ecl
5855159,0.015625,Ecl
5855159,0.03125,Ecl
5855159,0.046875,Ecl
5855159,0.0625,Ecl
6035659,0.0,rotational star
6035659,0.015625,rotational star
6035659,0.03125,rotational star
6035659,0.046875,rotational star
6035659,0.0625,rotational star
6385706,0.0,Pulsating
6385706,0.015625,Pulsating
6385706,0.03125,Pulsating
6385706,0.046875,Pulsating
6385706,0.0625,Pulsating
6388611,0.0,Ecl
6388611,0.015625,Ecl
6388611,0.03125,Ecl
6388611,0.046875,Ecl
6388611,0.0625,Ecl
6420800,0.0,Pulsating
6420800,0.015625,Ecl
6420800,0.03125,Pulsating
6420800,0.046875,Ecl
6420800,0.0625,Pulsating
6423392,0.0,Ecl
6423392,0.015625,rotational star
6423392,0.03125,Ecl
6423392,0.046875,rotational star
6423392,0.0625,Ecl
6423500,0.0,Ecl
6423500,0.015625,Ecl
6423500,0.03125,Ecl
6423500,0.046875,Ecl
6423500,0.0625,Ecl
6424179,0.0,Ecl
6424179,0.015625,Ecl
6424179,0.03125,Ecl
6424179,0.046875,Ecl
6424179,0.0625,Ecl
6426729,0.0,Ecl
6426729,0.015625,Ecl
6426729,0.03125,Ecl
6426729,0.046875,Ecl
6426729,0.0625,Ecl
6428939,0.0,Ecl
6428939,0.015625,Ecl
6428939,0.03125,Ecl
6428939,0.046875,Ecl
6428939,0.0625,Ecl
6559105,0.0,Pulsating
6559105,0.015625,Ecl
6559105,0.03125,Pulsating
6559105,0.046875,Ecl
6559105,0.0625,Pulsating
6578144,0.0,Pulsating
6578144,0.015625,Pulsating
6578144,0.03125,Pulsating
6578144,0.046875,Pulsating
6578144,0.0625,Pulsating
6582868,0.0,Pulsating
6582868,0.015625,Pulsating
6582868,0.03125,Pulsating
6582868,0.046875,Pulsating
6582868,0.0625,Pulsating
6708716,0.0,rotational star
6708716,0.015625,rotational star
6708716,0.03125,rotational star
6708716,0.046875,rotational star
6708716,0.0625,rotational star
6711028,0.0,Ecl
6711028,0.015625,Ecl
6711028,0.03125,Ecl
6711028,0.046875,Ecl
6711028,0.0625,Ecl
6771481,0.0,Pulsating
6771481,0.015625,Pulsating
6771481,0.03125,Pulsating
6771481,0.046875,Pulsating
6771481,0.0625,Pulsating
6772137,0.0,rotational star
6772137,0.015625,rotational star
6772137,0.03125,rotational star
6772137,0.046875,rotational star
6772137,0.0625,rotational star
6772757,0.0,rotational star
6772757,0.015625,rotational star
6772757,0.03125,rotational star
6772757,0.046875,rotational star
6772757,0.0625,rotational star
6772868,0.0,rotational star
6772868,0.015625,rotational star
6772868,0.03125,rotational star
6772868,0.046875,rotational star
6772868,0.0625,rotational star
6774272,0.0,Pulsating
6774272,0.015625,Pulsating
6774272,0.03125,Pulsating
6774272,0.046875,Pulsating
6774272,0.0625,Pulsating
6885233,0.0,rotational star
6885233,0.015625,rotational star
6885233,0.03125,rotational star
6885233,0.046875,rotational star
6885233,0.0625,rotational star
6886679,0.0,rotational star
6886679,0.015625,rotational star
6886679,0.03125,rotational star
6886679,0.046875,rotational star
6886679,0.0625,rotational star
6900401,0.0,rotational star
6900401,0.015625,rotational star
6900401,0.03125,rotational star
6900401,0.046875,rotational star
6900401,0.0625,rotational star
6914961,0.0,rotational star
6914961,0.015625,rotational star
6914961,0.03125,rotational star
6914961,0.046875,rotational star
6914961,0.0625,rotational star
6968029,0.0,Ecl
6968029,0.015625,Ecl
6968029,0.03125,Ecl
6968029,0.046875,Ecl
6968029,0.0625,Ecl
6968264,0.0,Pulsating
6968264,0.015625,Pulsating
6968264,0.03125,Pulsating
6968264,0.046875,Pulsating
6968264,0.0625,Pulsating
6971276,0.0,Ecl
6971276,0.015625,rotational star
6971276,0.03125,Ecl
6971276,0.046875,rotational star
6971276,0.0625,Ecl
6971505,0.0,rotational star
6971505,0.015625,rotational star
6971505,0.03125,rotational star
6971505,0.046875,rotational star
6971505,0.0625,rotational star
7072651,0.0,rotational star
7072651,0.015625,rotational star
7072651,0.03125,rotational star
7072651,0.046875,rotational star
7072651,0.0625,rotational star
7127722,0.0,Ecl
7127722,0.015625,Ecl
7127722,0.03125,Ecl
7127722,0.046875,Ecl
7127722,0.0625,Ecl
7223147,0.0,Ecl
7223147,0.015625,Ecl
7223147,0.03125,Ecl
7223147,0.046875,Ecl
7223147,0.0625,Ecl
7257067,0.0,Ecl
7257067,0.015625,Ecl
7257067,0.03125,Ecl
7257067,0.046875,Ecl
7257067,0.0625,Ecl
7348139,0.0,Pulsating
7348139,0.015625,Pulsating
7348139,0.03125,Pulsating
7348139,0.046875,Pulsating
7348139,0.0625,Pulsating
7348645,0.0,Pulsating
7348645,0.015625,Pulsating
7348645,0.03125,Pulsating
7348645,0.046875,Pulsating
7348645,0.0625,Pulsating
7438683,0.0,rotational star
7438683,0.015625,Ecl
7438683,0.03125,rotational star
7438683,0.046875,Ecl
7438683,0.0625,rotational star
7443675,0.0,Pulsating
7443675,0.015625,Pulsating
7443675,0.03125,Pulsating
7443675,0.046875,Pulsating
7443675,0.0625,Pulsating
7566107,0.0,rotational star
7566107,0.015625,rotational star
7566107,0.03125,rotational star
7566107,0.046875,rotational star
7566107,0.0625,rotational star
7569518,0.0,Pulsating
7569518,0.015625,Pulsating
7569518,0.03125,Pulsating
7569518,0.046875,Pulsating
7569518,0.0625,Pulsating
7576919,0.0,Pulsating
7576919,0.015625,Pulsating
7576919,0.03125,Pulsating
7576919,0.046875,Pulsating
7576919,0.0625,Pulsating
7641751,0.0,Pulsating
7641751,0.015625,Ecl
7641751,0.03125,Pulsating
7641751,0.046875,Ecl
7641751,0.0625,Pulsating
7775830,0.0,Pulsating
7775830,0.015625,Pulsating
7775830,0.03125,Pulsating
7775830,0.046875,Pulsating
7775830,0.0625,Pulsating
7824125,0.0,Ecl
7824125,0.015625,Ecl
7824125,0.03125,Ecl
7824125,0.046875,Ecl
7824125,0.0625,Ecl
7898622,0.0,Ecl
7898622,0.015625,Ecl
7898622,0.03125,Ecl
7898622,0.046875,Ecl
7898622,0.0625,Ecl
7904889,0.0,Ecl
7904889,0.015625,Ecl
7904889,0.03125,Ecl
7904889,0.046875,Ecl
7904889,0.0625,Ecl
7907540,0.0,Ecl
7907540,0.015625,Ecl
7907540,0.03125,Ecl
7907540,0.046875,Ecl
7907540,0.0625,Ecl
7907839,0.0,Pulsating
7907839,0.015625,Pulsating
7907839,0.03125,Pulsating
7907839,0.046875,Pulsating
7907839,0.0625,Pulsating
7911225,0.0,Ecl
7911225,0.015625,Ecl
7911225,0.03125,Ecl
7911225,0.046875,Ecl
7911225,0.0625,Ecl
7948368,0.0,Ecl
7948368,0.015625,Ecl
7948368,0.03125,Ecl
7948368,0.046875,Ecl
7948368,0.0625,Ecl
8071429,0.0,Ecl
8071429,0.015625,Ecl
8071429,0.03125,Ecl
8071429,0.046875,Ecl
8071429,0.0625,Ecl
8072240,0.0,Pulsating
8072240,0.015625,Pulsating
8072240,0.03125,Pulsating
8072240,0.046875,Pulsating
8072240,0.0625,Pulsating
8077094,0.0,Ecl
8077094,0.015625,Ecl
8077094,0.03125,Ecl
8077094,0.046875,Ecl
8077094,0.0625,Ecl
8085320,0.0,rotational star
8085320,0.015625,rotational star
8085320,0.03125,rotational star
8085320,0.046875,rotational star
8085320,0.0625,rotational star
8089619,0.0,Ecl
8089619,0.015625,Ecl
8089619,0.03125,Ecl
8089619,0.046875,Ecl
8089619,0.0625,Ecl
8089854,0.0,rotational star
8089854,0.015625,rotational star
8089854,0.03125,rotational star
8089854,0.046875,rotational star
8089854,0.0625,rotational star
8095331,0.0,Ecl
8095331,0.015625,Ecl
8095331,0.03125,Ecl
8095331,0.046875,Ecl
8095331,0.0625,Ecl
8234121,0.0,Pulsating
8234121,0.015625,Pulsating
8234121,0.03125,Pulsating
8234121,0.046875,Pulsating
8234121,0.0625,Pulsating
8260993,0.0,Pulsating
8260993,0.015625,Pulsating
8260993,0.03125,Pulsating
8260993,0.046875,Pulsating
8260993,0.0625,Pulsating
8298820,0.0,Ecl
8298820,0.015625,Ecl
8298820,0.03125,Ecl
8298820,0.046875,Ecl
8298820,0.0625,Ecl
8301406,0.0,Pulsating
8301406,0.015625,Pulsating
8301406,0.03125,Pulsating
8301406,0.046875,Pulsating
8301406,0.0625,Pulsating
8302040,0.0,Ecl
8302040,0.015625,Ecl
8302040,0.03125,Ecl
8302040,0.046875,Ecl
8302040,0.0625,Ecl
8303969,0.0,rotational star
8303969,0.015625,rotational star
8303969,0.03125,rotational star
8303969,0.046875,rotational star
8303969,0.0625,rotational star
8304398,0.0,rotational star
8304398,0.015625,Ecl
8304398,0.03125,rotational star
8304398,0.046875,Ecl
8304398,0.0625,rotational star
8307548,0.0,Pulsating
8307548,0.015625,Pulsating
8307548,0.03125,Pulsating
8307548,0.046875,Pulsating
8307548,0.0625,Pulsating
8315756,0.0,Pulsating
8315756,0.015625,Pulsating
8315756,0.03125,Pulsating
8315756,0.046875,Pulsating
8315756,0.0625,Pulsating
8331224,0.0,rotational star
8331224,0.015625,rotational star
8331224,0.03125,rotational star
8331224,0.046875,rotational star
8331224,0.0625,rotational star
8337585,0.0,rotational star
8337585,0.015625,rotational star
8337585,0.03125,rotational star
8337585,0.046875,rotational star
8337585,0.0625,rotational star
8395322,0.0,Ecl
8395322,0.015625,Ecl
8395322,0.03125,Ecl
8395322,0.046875,Ecl
8395322,0.0625,Ecl
8395517,0.0,Ecl
8395517,0.015625,Ecl
8395517,0.03125,Ecl
8395517,0.046875,Ecl
8395517,0.0625,Ecl
8396121,0.0,Ecl
8396121,0.015625,Ecl
8396121,0.03125,Ecl
8396121,0.046875,Ecl
8396121,0.0625,Ecl
8413061,0.0,rotational star
8413061,0.015625,rotational star
8413061,0.03125,rotational star
8413061,0.046875,rotational star
8413061,0.0625,rotational star
8436241,0.0,Pulsating
8436241,0.015625,Ecl
8436241,0.03125,Pulsating
8436241,0.046875,Ecl
8436241,0.0625,Pulsating
8568363,0.0,Ecl
8568363,0.015625,Ecl
8568363,0.03125,Ecl
8568363,0.046875,Ecl
8568363,0.0625,Ecl
8649964,0.0,Pulsating
8649964,0.015625,Pulsating
8649964,0.03125,Pulsating
8649964,0.046875,Pulsating
8649964,0.0625,Pulsating
8667230,0.0,rotational star
8667230,0.015625,rotational star
8667230,0.03125,rotational star
8667230,0.046875,rotational star
8667230,0.0625,rotational star
8700095,0.0,rotational star
8700095,0.015625,rotational star
8700095,0.03125,rotational star
8700095,0.046875,rotational star
8700095,0.0625,rotational star
8700892,0.0,Pulsating
8700892,0.015625,Pulsating
8700892,0.03125,Pulsating
8700892,0.046875,Pulsating
8700892,0.0625,Pulsating
8701682,0.0,Pulsating
8701682,0.015625,Pulsating
8701682,0.03125,Pulsating
8701682,0.046875,Pulsating
8701682,0.0625,Pulsating
8702727,0.0,rotational star
8702727,0.015625,rotational star
8702727,0.03125,rotational star
8702727,0.046875,rotational star
8702727,0.0625,rotational star
8821912,0.0,Ecl
8821912,0.015625,Ecl
8821912,0.03125,Ecl
8821912,0.046875,Ecl
8821912,0.0625,Ecl
8825435,0.0,Ecl
8825435,0.015625,Ecl
8825435,0.03125,Ecl
8825435,0.046875,Ecl
8825435,0.0625,Ecl
8825485,0.0,Ecl
8825485,0.015625,Ecl
8825485,0.03125,Ecl
8825485,0.046875,Ecl
8825485,0.0625,Ecl
8826873,0.0,Ecl
8826873,0.015625,Ecl
8826873,0.03125,Ecl
8826873,0.046875,Ecl
8826873,0.0625,Ecl
8833576,0.0,Ecl
8833576,0.015625,Ecl
8833576,0.03125,Ecl
8833576,0.046875,Ecl
8833576,0.0625,Ecl
8862457,0.0,Pulsating
8862457,0.015625,Pulsating
8862457,0.03125,Pulsating
8862457,0.046875,Pulsating
8862457,0.0625,Pulsating
8865289,0.0,Ecl
8865289,0.015625,Ecl
8865289,0.03125,Ecl
8865289,0.046875,Ecl
8865289,0.0625,Ecl
8895274,0.0,Pulsating
8895274,0.015625,Pulsating
8895274,0.03125,Pulsating
8895274,0.046875,Pulsating
8895274,0.0625,Pulsating
8896138,0.0,Ecl
8896138,0.015625,Ecl
8896138,0.03125,Ecl
8896138,0.046875,Ecl
8896138,0.0625,Ecl
8901720,0.0,Pulsating
8901720,0.015625,Pulsating
8901720,0.03125,Pulsating
8901720,0.046875,Pulsating
8901720,0.0625,Pulsating
9001365,0.0,Ecl
9001365,0.015625,Ecl
9001365,0.03125,Ecl
9001365,0.046875,Ecl
9001365,0.0625,Ecl
9087235,0.0,Ecl
9087235,0.015625,Ecl
9087235,0.03125,Ecl
9087235,0.046875,Ecl
9087235,0.0625,Ecl
9090968,0.0,Pulsating
9090968,0.015625,Pulsating
9090968,0.03125,Pulsating
9090968,0.046875,Pulsating
9090968,0.0625,Pulsating
9210109,0.0,Pulsating
9210109,0.015625,rotational star
9210109,0.03125,Pulsating
9210109,0.046875,rotational star
9210109,0.0625,Pulsating
9252425,0.0,Ecl
9252425,0.015625,Ecl
9252425,0.03125,Ecl
9252425,0.046875,Ecl
9252425,0.0625,Ecl
9254197,0.0,Pulsating
9254197,0.015625,Pulsating
9254197,0.03125,Pulsating
9254197,0.046875,Pulsating
9254197,0.0625,Pulsating
9385226,0.0,Ecl
9385226,0.015625,rotational star
9385226,0.03125,Ecl
9385226,0.046875,rotational star
9385226,0.0625,Ecl
9421023,0.0,Pulsating
9421023,0.015625,Pulsating
9421023,0.03125,Pulsating
9421023,0.046875,Pulsating
9421023,0.0625,Pulsating
9422650,0.0,rotational star
9422650,0.015625,rotational star
9422650,0.03125,rotational star
9422650,0.046875,rotational star
9422650,0.0625,rotational star
9425767,0.0,Ecl
9425767,0.015625,Ecl
9425767,0.03125,Ecl
9425767,0.046875,Ecl
9425767,0.0625,Ecl
9441160,0.0,rotational star
9441160,0.015625,rotational star
9441160,0.03125,rotational star
9441160,0.046875,rotational star
9441160,0.0625,rotational star
9460839,0.0,Pulsating
9460839,0.015625,Pulsating
9460839,0.03125,Pulsating
9460839,0.046875,Pulsating
9460839,0.0625,Pulsating
9643812,0.0,rotational star
9643812,0.015625,rotational star
9643812,0.03125,rotational star
9643812,0.046875,rotational star
9643812,0.0625,rotational star
9650202,0.0,Ecl
9650202,0.015625,Ecl
9650202,0.03125,Ecl
9650202,0.046875,Ecl
9650202,0.0625,Ecl
9708710,0.0,Ecl
9708710,0.015625,Pulsating
9708710,0.03125,Ecl
9708710,0.046875,Pulsating
9708710,0.0625,Ecl
9710004,0.0,Pulsating
9710004,0.015625,Pulsating
9710004,0.03125,Pulsating
9710004,0.046875,Pulsating
9710004,0.0625,Pulsating
9851742,0.0,rotational star
9851742,0.015625,rotational star
9851742,0.03125,rotational star
9851742,0.046875,rotational star
9851742,0.0625,rotational star
9862976,0.0,rotational star
9862976,0.015625,rotational star
9862976,0.03125,rotational star
9862976,0.046875,rotational star
9862976,0.0625,rotational star
10034483,0.0,Pulsating
10034483,0.015625,Ecl
10034483,0.03125,Pulsating
10034483,0.046875,Ecl
10034483,0.0625,Pulsating
10045593,0.0,Pulsating
10045593,0.015625,Pulsating
10045593,0.03125,Pulsating
10045593,0.046875,Pulsating
10045593,0.0625,Pulsating
10221825,0.0,Pulsating
10221825,0.015625,Pulsating
10221825,0.03125,Pulsating
10221825,0.046875,Pulsating
10221825,0.0625,Pulsating
10235536,0.0,Ecl
10235536,0.015625,Ecl
10235536,0.03125,Ecl
10235536,0.046875,Ecl
10235536,0.0625,Ecl
10237366,0.0,Pulsating
10237366,0.015625,Pulsating
10237366,0.03125,Pulsating
10237366,0.046875,Pulsating
10237366,0.0625,Pulsating
10237841,0.0,rotational star
10237841,0.015625,rotational star
10237841,0.03125,rotational star
10237841,0.046875,rotational star
10237841,0.0625,rotational star
10240912,0.0,Pulsating
10240912,0.015625,Pulsating
10240912,0.03125,Pulsating
10240912,0.046875,Pulsating
10240912,0.0625,Pulsating
10384900,0.0,Pulsating
10384900,0.015625,Pulsating
10384900,0.03125,Pulsating
10384900,0.046875,Pulsating
10384900,0.0625,Pulsating
10477528,0.0,Ecl
10477528,0.015625,Ecl
10477528,0.03125,Ecl
10477528,0.046875,Ecl
10477528,0.0625,Ecl
10501955,0.0,Ecl
10501955,0.015625,Ecl
10501955,0.03125,Ecl
10501955,0.046875,Ecl
10501955,0.0625,Ecl
10504051,0.0,Ecl
10504051,0.015625,Ecl
10504051,0.03125,Ecl
10504051,0.046875,Ecl
10504051,0.0625,Ecl
10506123,0.0,Ecl
10506123,0.015625,Ecl
10506123,0.03125,Ecl
10506123,0.046875,Ecl
10506123,0.0625,Ecl
10506299,0.0,rotational star
10506299,0.015625,rotational star
10506299,0.03125,rotational star
10506299,0.046875,rotational star
10506299,0.0625,rotational star
10675231,0.0,Pulsating
10675231,0.015625,Pulsating
10675231,0.03125,Pulsating
10675231,0.046875,Pulsating
10675231,0.0625,Pulsating
10684029,0.0,rotational star
10684029,0.015625,rotational star
10684029,0.03125,rotational star
10684029,0.046875,rotational star
10684029,0.0625,rotational star
10725909,0.0,Ecl
10725909,0.015625,Ecl
10725909,0.03125,Ecl
10725909,0.046875,Ecl
10725909,0.0625,Ecl
10745759,0.0,rotational star
10745759,0.015625,rotational star
10745759,0.03125,rotational star
10745759,0.046875,rotational star
10745759,0.0625,rotational star
10758622,0.0,Pulsating
10758622,0.015625,Pulsating
10758622,0.03125,Pulsating
10758622,0.046875,Pulsating
10758622,0.0625,Pulsating
10759236,0.0,Pulsating
10759236,0.015625,Pulsating
10759236,0.03125,Pulsating
10759236,0.046875,Pulsating
10759236,0.0625,Pulsating
10762635,0.0,Ecl
10762635,0.015625,Ecl
10762635,0.03125,Ecl
10762635,0.046875,Ecl
10762635,0.0625,Ecl
10772457,0.0,Ecl
10772457,0.015625,Ecl
10772457,0.03125,Ecl
10772457,0.046875,Ecl
10772457,0.0625,Ecl
10774324,0.0,rotational star
10774324,0.015625,rotational star
10774324,0.03125,rotational star
10774324,0.046875,rotational star
10774324,0.0625,rotational star
10774489,0.0,Ecl
10774489,0.015625,Ecl
10774489,0.03125,Ecl
10774489,0.046875,Ecl
10774489,0.0625,Ecl
10778741,0.0,Ecl
10778741,0.015625,Ecl
10778741,0.03125,Ecl
10778741,0.046875,Ecl
10778741,0.0625,Ecl
10781318,0.0,rotational star
10781318,0.015625,rotational star
10781318,0.03125,rotational star
10781318,0.046875,rotational star
10781318,0.0625,rotational star
11000456,0.0,Pulsating
11000456,0.015625,Pulsating
11000456,0.03125,Pulsating
11000456,0.046875,Pulsating
11000456,0.0625,Pulsating
11000690,0.0,Pulsating
11000690,0.015625,Pulsating
11000690,0.03125,Pulsating
11000690,0.046875,Pulsating
11000690,0.0625,Pulsating
11002179,0.0,Ecl
11002179,0.015625,Ecl
11002179,0.03125,Ecl
11002179,0.046875,Ecl
11002179,0.0625,Ecl
11003680,0.0,Pulsating
11003680,0.015625,Pulsating
11003680,0.03125,Pulsating
11003680,0.046875,Pulsating
11003680,0.0625,Pulsating
11008744,0.0,Ecl
11008744,0.015625,Ecl
11008744,0.03125,Ecl
11008744,0.046875,Ecl
11008744,0.0625,Ecl
11103477,0.0,rotational star
11103477,0.015625,rotational star
11103477,0.03125,rotational star
11103477,0.046875,rotational star
11103477,0.0625,rotational star
11281753,0.0,Ecl
11281753,0.015625,Ecl
11281753,0.03125,Ecl
11281753,0.046875,Ecl
11281753,0.0625,Ecl
11332457,0.0,Pulsating
11332457,0.015625,Pulsating
11332457,0.03125,Pulsating
11332457,0.046875,Pulsating
11332457,0.0625,Pulsating
11333675,0.0,Ecl
11333675,0.015625,Ecl
11333675,0.03125,Ecl
11333675,0.046875,Ecl
11333675,0.0625,Ecl
11333752,0.0,Ecl
11333752,0.015625,Ecl
11333752,0.03125,Ecl
11333752,0.046875,Ecl
11333752,0.0625,Ecl
11527909,0.0,Ecl
11527909,0.015625,Ecl
11527909,0.03125,Ecl
11527909,0.046875,Ecl
11527909,0.0625,Ecl
11568132,0.0,Pulsating
11568132,0.015625,Pulsating
11568132,0.03125,Pulsating
11568132,0.046875,Pulsating
11568132,0.0625,Pulsating
11569837,0.0,Pulsating
11569837,0.015625,Pulsating
11569837,0.03125,Pulsating
11569837,0.046875,Pulsating
11569837,0.0625,Pulsating
11569977,0.0,Pulsating
11569977,0.015625,Pulsating
11569977,0.03125,Pulsating
11569977,0.046875,Pulsating
11569977,0.0625,Pulsating
11572714,0.0,rotational star
11572714,0.015625,rotational star
11572714,0.03125,rotational star
11572714,0.046875,rotational star
11572714,0.0625,rotational star
11585007,0.0,Pulsating
11585007,0.015625,Pulsating
11585007,0.03125,Pulsating
11585007,0.046875,Pulsating
11585007,0.0625,Pulsating
11619555,0.0,Pulsating
11619555,0.015625,Pulsating
11619555,0.03125,Pulsating
11619555,0.046875,Pulsating
11619555,0.0625,Pulsating
11620334,0.0,Pulsating
11620334,0.015625,Pulsating
11620334,0.03125,Pulsating
11620334,0.046875,Pulsating
11620334,0.0625,Pulsating
11621089,0.0,Ecl
11621089,0.015625,Ecl
11621089,0.03125,Ecl
11621089,0.046875,Ecl
11621089,0.0625,Ecl
11772275,0.0,Pulsating
11772275,0.015625,Pulsating
11772275,0.03125,Pulsating
11772275,0.046875,Pulsating
11772275,0.0625,Pulsating
11775317,0.0,rotational star
11775317,0.015625,rotational star
11775317,0.03125,rotational star
11775317,0.046875,rotational star
11775317,0.0625,rotational star
11778107,0.0,Ecl
11778107,0.015625,Ecl
11778107,0.03125,Ecl
11778107,0.046875,Ecl
11778107,0.0625,Ecl
11780339,0.0,Ecl
11780339,0.015625,Ecl
11780339,0.03125,Ecl
11780339,0.046875,Ecl
11780339,0.0625,Ecl
11931277,0.0,rotational star
11931277,0.015625,rotational star
11931277,0.03125,rotational star
11931277,0.046875,rotational star
11931277,0.0625,rotational star
12068202,0.0,Pulsating
12068202,0.015625,Pulsating
12068202,0.03125,Pulsating
12068202,0.046875,Pulsating
12068202,0.0625,Pulsating
12077861,0.0,rotational star
12077861,0.015625,rotational star
12077861,0.03125,rotational star
12077861,0.046875,rotational star
12077861,0.0625,rotational star
12082661,0.0,Ecl
12082661,0.015625,Ecl
12082661,0.03125,Ecl
12082661,0.046875,Ecl
12082661,0.0625,Ecl
12256111,0.0,Ecl
12256111,0.015625,Ecl
12256111,0.03125,Ecl
12256111,0.046875,Ecl
12256111,0.0625,Ecl
12257100,0.0,Pulsating
12257100,0.015625,Pulsating
12257100,0.03125,Pulsating
12257100,0.046875,Pulsating
12257100,0.0625,Pulsating
12258499,0.0,Pulsating
12258499,0.015625,Pulsating
12258499,0.03125,Pulsating
12258499,0.046875,Pulsating
12258499,0.0625,Pulsating
12261159,0.0,Ecl
12261159,0.015625,Ecl
12261159,0.03125,Ecl
12261159,0.046875,Ecl
12261159,0.0625,Ecl
12372134,0.0,Ecl
12372134,0.015625,Ecl
12372134,0.03125,Ecl
12372134,0.046875,Ecl
12372134,0.0625,Ecl
12372670,0.0,Pulsating
12372670,0.015625,Pulsating
12372670,0.03125,Pulsating
12372670,0.046875,Pulsating
12372670,0.0625,Pulsating
12373785,0.0,Ecl
12373785,0.015625,Ecl
12373785,0.03125,Ecl
12373785,0.046875,Ecl
12373785,0.0625,Ecl
12374282,0.0,Ecl
12374282,0.015625,Ecl
12374282,0.03125,Ecl
12374282,0.046875,Ecl
12374282,0.0625,Ecl
12374400,0.0,Pulsating
12374400,0.015625,Pulsating
12374400,0.03125,Pulsating
12374400,0.046875,Pulsating
12374400,0.0625,Pulsating
12377666,0.0,Ecl
12377666,0.015625,Ecl
12377666,0.03125,Ecl
12377666,0.046875,Ecl
12377666,0.0625,Ecl
12394941,0.0,Pulsating
12394941,0.015625,Pulsating
12394941,0.03125,Pulsating
12394941,0.046875,Pulsating
12394941,0.0625,Pulsating
12397628,0.0,Pulsating
12397628,0.015625,Pulsating
12397628,0.03125,Pulsating
12397628,0.046875,Pulsating
12397628,0.0625,Pulsating
12428055,0.0,Ecl
12428055,0.015625,Ecl
12428055,0.03125,Ecl
12428055,0.046875,Ecl
12428055,0.0625,Ecl
12458470,0.0,Ecl
12458470,0.015625,Ecl
12458470,0.03125,Ecl
12458470,0.046875,Ecl
12458470,0.0625,Ecl
12470242,0.0,Pulsating
12470242,0.015625,Pulsating
12470242,0.03125,Pulsating
12470242,0.046875,Pulsating
12470242,0.0625,Pulsating
12472170,0.0,rotational star
12472170,0.015625,rotational star
12472170,0.03125,rotational star
12472170,0.046875,rotational star
12472170,0.0625,rotational star
12481937,0.0,rotational star
12481937,0.015625,rotational star
12481937,0.03125,rotational star
12481937,0.046875,rotational star
12481937,0.0625,rotational star
12502942,0.0,Ecl
12502942,0.015625,Ecl
12502942,0.03125,Ecl
12502942,0.046875,Ecl
12502942,0.0625,Ecl
12506794,0.0,Ecl
12506794,0.015625,rotational star
12506794,0.03125,Ecl
12506794,0.046875,rotational star
12506794,0.0625,Ecl
12623479,0.0,Pulsating
12623479,0.015625,Pulsating
12623479,0.03125,Pulsating
12623479,0.046875,Pulsating
12623479,0.0625,Pulsating
12629856,0.0,Ecl
12629856,0.015625,Ecl
12629856,0.03125,Ecl
12629856,0.046875,Ecl
12629856,0.0625,Ecl
12644912,0.0,rotational star
12644912,0.015625,rotational star
12644912,0.03125,rotational star
12644912,0.046875,rotational star
12644912,0.0625,rotational star
12644999,0.0,rotational star
12644999,0.015625,rotational star
12644999,0.03125,rotational star
12644999,0.046875,rotational star
12644999,0.0625,rotational star
12645321,0.0,rotational star
12645321,0.015625,rotational star
12645321,0.03125,rotational star
12645321,0.046875,rotational star
12645321,0.0625,rotational star
12828861,0.0,Ecl
12828861,0.015625,Ecl
12828861,0.03125,Ecl
12828861,0.046875,Ecl
12828861,0.0625,Ecl
12830670,0.0,Ecl
12830670,0.015625,Ecl
12830670,0.03125,Ecl
12830670,0.046875,Ecl
12830670,0.0625,Ecl
12832709,0.0,rotational star
12832709,0.015625,rotational star
12832709,0.03125,rotational star
12832709,0.046875,rotational star
12832709,0.0625,rotational star
12986116,0.0,Pulsating
12986116,0.015625,Pulsating
12986116,0.03125,Pulsating
12986116,0.046875,Pulsating
12986116,0.0625,Pulsating
12987544,0.0,Pulsating
12987544,0.015625,Pulsating
12987544,0.03125,Pulsating
12987544,0.046875,Pulsating
12987544,0.0625,Pulsating
13086137,0.0,Ecl
13086137,0.015625,Ecl
13086137,0.03125,Ecl
13086137,0.046875,Ecl
13086137,0.0625,Ecl
13087516,0.0,rotational star
13087516,0.015625,rotational star
13087516,0.03125,rotational star
13087516,0.046875,rotational star
13087516,0.0625,rotational star
13206347,0.0,rotational star
13206347,0.015625,rotational star
13206347,0.03125,rotational star
13206347,0.046875,rotational star
13206347,0.0625,rotational star
13276733,0.0,Pulsating
13276733,0.015625,Pulsating
13276733,0.03125,Pulsating
13276733,0.046875,Pulsating
13276733,0.0625,Pulsating
13281056,0.0,Pulsating
13281056,0.015625,Pulsating
13281056,0.03125,Pulsating
13281056,0.046875,Pulsating
13281056,0.0625,Pulsating
13383287,0.0,rotational star
13383287,0.015625,rotational star
13383287,0.03125,rotational star
13383287,0.046875,rotational star
13383287,0.0625,rotational star
13390885,0.0,Ecl
13390885,0.015625,Ecl
13390885,0.03125,Ecl
13390885,0.046875,Ecl
13390885,0.0625,Ecl
13398192,0.0,Pulsating
13398192,0.015625,Ecl
13398192,0.03125,Pulsating
13398192,0.046875,Ecl
13398192,0.0625,Pulsating
13642058,0.0,rotational star
13642058,0.015625,rotational star
13642058,0.03125,rotational star
13642058,0.046875,rotational star
13642058,0.0625,rotational star
13729475,0.0,Pulsating
13729475,0.015625,Pulsating
13729475,0.03125,Pulsating
13729475,0.046875,Pulsating
13729475,0.0625,Pulsating
13731074,0.0,rotational star
13731074,0.015625,rotational star
13731074,0.03125,rotational star
13731074,0.046875,rotational star
13731074,0.0625,rotational star
13833585,0.0,rotational star
13833585,0.015625,rotational star
13833585,0.03125,rotational star
13833585,0.046875,rotational star
13833585,0.0625,rotational star
14022706,0.0,rotational star
14022706,0.015625,rotational star
14022706,0.03125,rotational star
14022706,0.046875,rotational star
14022706,0.0625,rotational star
14024188,0.0,Pulsating
14024188,0.015625,Pulsating
14024188,0.03125,Pulsating
14024188,0.046875,Pulsating
14024188,0.0625,Pulsating
14025549,0.0,rotational star
14025549,0.015625,rotational star
14025549,0.03125,rotational star
14025549,0.046875,rotational star
14025549,0.0625,rotational star
14506614,0.0,Ecl
14506614,0.015625,Ecl
14506614,0.03125,Ecl
14506614,0.046875,Ecl
14506614,0.0625,Ecl
14507025,0.0,Ecl
14507025,0.015625,Ecl
14507025,0.03125,Ecl
14507025,0.046875,Ecl
14507025,0.0625,Ecl
14521032,0.0,Ecl
14521032,0.015625,Ecl
14521032,0.03125,Ecl
14521032,0.046875,Ecl
14521032,0.0625,Ecl
15134517,0.0,rotational star
15134517,0.015625,rotational star
15134517,0.03125,rotational star
15134517,0.046875,rotational star
15134517,0.0625,rotational star
15135391,0.0,Ecl
15135391,0.015625,Ecl
15135391,0.03125,Ecl
15135391,0.046875,Ecl
15135391,0.0625,Ecl
15136616,0.0,rotational star
15136616,0.015625,rotational star
15136616,0.03125,rotational star
15136616,0.046875,rotational star
15136616,0.0625,rotational star
15200820,0.0,Ecl
15200820,0.015625,Ecl
15200820,0.03125,Ecl
15200820,0.046875,Ecl
15200820,0.0625,Ecl
15201345,0.0,Pulsating
15201345,0.015625,Pulsating
15201345,0.03125,Pulsating
15201345,0.046875,Pulsating
15201345,0.0625,Pulsating
15516051,0.0,rotational star
15516051,0.015625,rotational star
15516051,0.03125,rotational star
15516051,0.046875,rotational star
15516051,0.0625,rotational star
15597494,0.0,rotational star
15597494,0.015625,rotational star
15597494,0.03125,rotational star
15597494,0.046875,rotational star
15597494,0.0625,rotational star
15600345,0.0,Pulsating
15600345,0.015625,Pulsating
15600345,0.03125,Pulsating
15600345,0.046875,Pulsating
15600345,0.0625,Pulsating
15601545,0.0,rotational star
15601545,0.015625,rotational star
15601545,0.03125,rotational star
15601545,0.046875,rotational star
15601545,0.0625,rotational star
16014078,0.0,Ecl
16014078,0.015625,Ecl
16014078,0.03125,Ecl
16014078,0.046875,Ecl
16014078,0.0625,Ecl
16023201,0.0,Pulsating
16023201,0.015625,Pulsating
16023201,0.03125,Pulsating
16023201,0.046875,Pulsating
16023201,0.0625,Pulsating
16025636,0.0,rotational star
16025636,0.015625,Ecl
16025636,0.03125,rotational star
16025636,0.046875,Ecl
16025636,0.0625,rotational star
16026174,0.0,Pulsating
16026174,0.015625,Pulsating
16026174,0.03125,Pulsating
16026174,0.046875,Pulsating
16026174,0.0625,Pulsating
16028452,0.0,Pulsating
16028452,0.015625,Pulsating
16028452,0.03125,Pulsating
16028452,0.046875,Pulsating
16028452,0.0625,Pulsating
16030990,0.0,Pulsating
16030990,0.015625,Pulsating
16030990,0.03125,Pulsating
16030990,0.046875,Pulsating
16030990,0.0625,Pulsating
16041487,0.0,rotational star
16041487,0.015625,rotational star
16041487,0.03125,rotational star
16041487,0.046875,rotational star
16041487,0.0625,rotational star
16070289,0.0,rotational star
16070289,0.015625,rotational star
16070289,0.03125,rotational star
16070289,0.046875,rotational star
16070289,0.0625,rotational star
16129494,0.0,rotational star
16129494,0.015625,rotational star
16129494,0.03125,rotational star
16129494,0.046875,rotational star
16129494,0.0625,rotational star
16181266,0.0,Ecl
16181266,0.015625,Ecl
16181266,0.03125,Ecl
16181266,0.046875,Ecl
16181266,0.0625,Ecl
16190605,0.0,Ecl
16190605,0.015625,Ecl
16190605,0.03125,Ecl
16190605,0.046875,Ecl
16190605,0.0625,Ecl
16193408,0.0,rotational star
16193408,0.015625,Ecl
16193408,0.03125,rotational star
16193408,0.046875,Ecl
16193408,0.0625,rotational star
16197293,0.0,Ecl
16197293,0.015625,Ecl
16197293,0.03125,Ecl
16197293,0.046875,Ecl
16197293,0.0625,Ecl
16197428,0.0,Ecl
16197428,0.015625,Ecl
16197428,0.03125,Ecl
16197428,0.046875,Ecl
16197428,0.0625,Ecl
16197570,0.0,rotational star
16197570,0.015625,rotational star
16197570,0.03125,rotational star
16197570,0.046875,rotational star
16197570,0.0625,rotational star
16199371,0.0,Ecl
16199371,0.015625,Ecl
16199371,0.03125,Ecl
16199371,0.046875,Ecl
16199371,0.0625,Ecl
16344798,0.0,Pulsating
16344798,0.015625,Pulsating
16344798,0.03125,Pulsating
16344798,0.046875,Pulsating
16344798,0.0625,Pulsating
16383690,0.0,Ecl
16383690,0.015625,Ecl
16383690,0.03125,Ecl
16383690,0.046875,Ecl
16383690,0.0625,Ecl
16526833,0.0,Pulsating
16526833,0.015625,Pulsating
16526833,0.03125,Pulsating
16526833,0.046875,Pulsating
16526833,0.0625,Pulsating
16536879,0.0,Pulsating
16536879,0.015625,Pulsating
16536879,0.03125,Pulsating
16536879,0.046875,Pulsating
16536879,0.0625,Pulsating
16537858,0.0,Ecl
16537858,0.015625,Ecl
16537858,0.03125,Ecl
16537858,0.046875,Ecl
16537858,0.0625,Ecl
16538906,0.0,rotational star
16538906,0.015625,rotational star
16538906,0.03125,rotational star
16538906,0.046875,rotational star
16538906,0.0625,rotational star
16653594,0.0,Ecl
16653594,0.015625,Ecl
16653594,0.03125,Ecl
16653594,0.046875,Ecl
16653594,0.0625,Ecl
16653951,0.0,rotational star
16653951,0.015625,rotational star
16653951,0.03125,rotational star
16653951,0.046875,rotational star
16653951,0.0625,rotational star
16658118,0.0,Pulsating
16658118,0.015625,Pulsating
16658118,0.03125,Pulsating
16658118,0.046875,Pulsating
16658118,0.0625,Pulsating
16658450,0.0,Pulsating
16658450,0.015625,Pulsating
16658450,0.03125,Pulsating
16658450,0.046875,Pulsating
16658450,0.0625,Pulsating
16766005,0.0,Pulsating
16766005,0.015625,Pulsating
16766005,0.03125,Pulsating
16766005,0.046875,Pulsating
16766005,0.0625,Pulsating
16767478,0.0,Ecl
16767478,0.015625,Ecl
16767478,0.03125,Ecl
16767478,0.046875,Ecl
16767478,0.0625,Ecl
16801765,0.0,Pulsating
16801765,0.015625,Pulsating
16801765,0.03125,Pulsating
16801765,0.046875,Pulsating
16801765,0.0625,Pulsating
16805103,0.0,Ecl
16805103,0.015625,Ecl
16805103,0.03125,Ecl
16805103,0.046875,Ecl
16805103,0.0625,Ecl
16805321,0.0,Pulsating
16805321,0.015625,Pulsating
16805321,0.03125,Pulsating
16805321,0.046875,Pulsating
16805321,0.0625,Pulsating
16806833,0.0,Ecl
16806833,0.015625,Ecl
16806833,0.03125,Ecl
16806833,0.046875,Ecl
16806833,0.0625,Ecl
16809098,0.0,Pulsating
16809098,0.015625,Pulsating
16809098,0.03125,Pulsating
16809098,0.046875,Pulsating
16809098,0.0625,Pulsating
16810385,0.0,Pulsating
16810385,0.015625,Pulsating
16810385,0.03125,Pulsating
16810385,0.046875,Pulsating
16810385,0.0625,Pulsating
16845338,0.0,rotational star
16845338,0.015625,rotational star
16845338,0.03125,rotational star
16845338,0.046875,rotational star
16845338,0.0625,rotational star
16847653,0.0,Ecl
16847653,0.015625,Ecl
16847653,0.03125,Ecl
16847653,0.046875,Ecl
16847653,0.0625,Ecl
17144966,0.0,rotational star
17144966,0.015625,rotational star
17144966,0.03125,rotational star
17144966,0.046875,rotational star
17144966,0.0625,rotational star
17172959,0.0,rotational star
17172959,0.015625,rotational star
17172959,0.03125,rotational star
17172959,0.046875,rotational star
17172959,0.0625,rotational star
17173355,0.0,rotational star
17173355,0.015625,rotational star
17173355,0.03125,rotational star
17173355,0.046875,rotational star
17173355,0.0625,rotational star
17173876,0.0,rotational star
17173876,0.015625,rotational star
17173876,0.03125,rotational star
17173876,0.046875,rotational star
17173876,0.0625,rotational star
17174959,0.0,Pulsating
17174959,0.015625,Pulsating
17174959,0.03125,Pulsating
17174959,0.046875,Pulsating
17174959,0.0625,Pulsating
17394296,0.0,Pulsating
17394296,0.015625,Pulsating
17394296,0.03125,Pulsating
17394296,0.046875,Pulsating
17394296,0.0625,Pulsating
17487943,0.0,Ecl
17487943,0.015625,Ecl
17487943,0.03125,Ecl
17487943,0.046875,Ecl
17487943,0.0625,Ecl
17571403,0.0,Ecl
17571403,0.015625,Ecl
17571403,0.03125,Ecl
17571403,0.046875,Ecl
17571403,0.0625,Ecl
17776220,0.0,rotational star
17776220,0.015625,Pulsating
17776220,0.03125,rotational star
17776220,0.046875,Pulsating
17776220,0.0625,rotational star
17834634,0.0,rotational star
17834634,0.015625,rotational star
17834634,0.03125,rotational star
17834634,0.046875,rotational star
17834634,0.0625,rotational star
17851685,0.0,Pulsating
17851685,0.015625,Pulsating
17851685,0.03125,Pulsating
17851685,0.046875,Pulsating
17851685,0.0625,Pulsating
17883608,0.0,Ecl
17883608,0.015625,Pulsating
17883608,0.03125,Ecl
17883608,0.046875,Pulsating
17883608,0.0625,Ecl
17904870,0.0,rotational star
17904870,0.015625,rotational star
17904870,0.03125,rotational star
17904870,0.046875,rotational star
17904870,0.0625,rotational star
18273669,0.0,Pulsating
18273669,0.015625,Pulsating
18273669,0.03125,Pulsating
18273669,0.046875,Pulsating
18273669,0.0625,Pulsating
18276283,0.0,rotational star
18276283,0.015625,rotational star
18276283,0.03125,rotational star
18276283,0.046875,rotational star
18276283,0.0625,rotational star
18285409,0.0,rotational star
18285409,0.015625,rotational star
18285409,0.03125,rotational star
18285409,0.046875,rotational star
18285409,0.0625,rotational star
18559451,0.0,rotational star
18559451,0.015625,rotational star
18559451,0.03125,rotational star
18559451,0.046875,rotational star
18559451,0.0625,rotational star
18563720,0.0,Ecl
18563720,0.015625,Ecl
18563720,0.03125,Ecl
18563720,0.046875,Ecl
18563720,0.0625,Ecl
18642699,0.0,Pulsating
18642699,0.015625,Pulsating
18642699,0.03125,Pulsating
18642699,0.046875,Pulsating
18642699,0.0625,Pulsating
18655471,0.0,rotational star
18655471,0.015625,rotational star
18655471,0.03125,rotational star
18655471,0.046875,rotational star
18655471,0.0625,rotational star
19137779,0.0,Pulsating
19137779,0.015625,Pulsating
19137779,0.03125,Pulsating
19137779,0.046875,Pulsating
19137779,0.0625,Pulsating
19138566,0.0,Ecl
19138566,0.015625,Ecl
19138566,0.03125,Ecl
19138566,0.046875,Ecl
19138566,0.0625,Ecl
19316467,0.0,Pulsating
19316467,0.015625,Pulsating
19316467,0.03125,Pulsating
19316467,0.046875,Pulsating
19316467,0.0625,Pulsating
19316981,0.0,rotational star
19316981,0.015625,rotational star
19316981,0.03125,rotational star
19316981,0.046875,rotational star
19316981,0.0625,rotational star
19318983,0.0,Ecl
19318983,0.015625,Ecl
19318983,0.03125,Ecl
19318983,0.046875,Ecl
19318983,0.0625,Ecl
19590950,0.0,Pulsating
19590950,0.015625,Pulsating
19590950,0.03125,Pulsating
19590950,0.046875,Pulsating
19590950,0.0625,Pulsating
19658850,0.0,rotational star
19658850,0.015625,rotational star
19658850,0.03125,rotational star
19658850,0.046875,rotational star
19658850,0.0625,rotational star
19662027,0.0,Ecl
19662027,0.015625,Ecl
19662027,0.03125,Ecl
19662027,0.046875,Ecl
19662027,0.0625,Ecl
19968336,0.0,Pulsating
19968336,0.015625,Pulsating
19968336,0.03125,Pulsating
19968336,0.046875,Pulsating
19968336,0.0625,Pulsating
20027107,0.0,Ecl
20027107,0.015625,Ecl
20027107,0.03125,Ecl
20027107,0.046875,Ecl
20027107,0.0625,Ecl
20027771,0.0,Ecl
20027771,0.015625,Ecl
20027771,0.03125,Ecl
20027771,0.046875,Ecl
20027771,0.0625,Ecl
20193949,0.0,rotational star
20193949,0.015625,rotational star
20193949,0.03125,rotational star
20193949,0.046875,rotational star
20193949,0.0625,rotational star
20196747,0.0,rotational star
20196747,0.015625,rotational star
20196747,0.03125,rotational star
20196747,0.046875,rotational star
20196747,0.0625,rotational star
20235242,0.0,Ecl
20235242,0.015625,Ecl
20235242,0.03125,Ecl
20235242,0.046875,Ecl
20235242,0.0625,Ecl
20238315,0.0,rotational star
20238315,0.015625,rotational star
20238315,0.03125,rotational star
20238315,0.046875,rotational star
20238315,0.0625,rotational star
20325636,0.0,Ecl
20325636,0.015625,Ecl
20325636,0.03125,Ecl
20325636,0.046875,Ecl
20325636,0.0625,Ecl
20325810,0.0,Pulsating
20325810,0.015625,Pulsating
20325810,0.03125,Pulsating
20325810,0.046875,Pulsating
20325810,0.0625,Pulsating
20326114,0.0,Ecl
20326114,0.015625,Ecl
20326114,0.03125,Ecl
20326114,0.046875,Ecl
20326114,0.0625,Ecl
20453572,0.0,Ecl
20453572,0.015625,Ecl
20453572,0.03125,Ecl
20453572,0.046875,Ecl
20453572,0.0625,Ecl
20453600,0.0,Ecl
20453600,0.015625,Ecl
20453600,0.03125,Ecl
20453600,0.046875,Ecl
20453600,0.0625,Ecl
20465352,0.0,rotational star
20465352,0.015625,rotational star
20465352,0.03125,rotational star
20465352,0.046875,rotational star
20465352,0.0625,rotational star
20471682,0.0,rotational star
20471682,0.015625,rotational star
20471682,0.03125,rotational star
20471682,0.046875,rotational star
20471682,0.0625,rotational star
20475212,0.0,Ecl
20475212,0.015625,Ecl
20475212,0.03125,Ecl
20475212,0.046875,Ecl
20475212,0.0625,Ecl
20475324,0.0,Pulsating
20475324,0.015625,Pulsating
20475324,0.03125,Pulsating
20475324,0.046875,Pulsating
20475324,0.0625,Pulsating
20476259,0.0,rotational star
20476259,0.015625,rotational star
20476259,0.03125,rotational star
20476259,0.046875,rotational star
20476259,0.0625,rotational star
20582605,0.0,Ecl
20582605,0.015625,Ecl
20582605,0.03125,Ecl
20582605,0.046875,Ecl
20582605,0.0625,Ecl
20727275,0.0,rotational star
20727275,0.015625,rotational star
20727275,0.03125,rotational star
20727275,0.046875,rotational star
20727275,0.0625,rotational star
20731756,0.0,rotational star
20731756,0.015625,rotational star
20731756,0.03125,rotational star
20731756,0.046875,rotational star
20731756,0.0625,rotational star
20961797,0.0,Ecl
20961797,0.015625,Ecl
20961797,0.03125,Ecl
20961797,0.046875,Ecl
20961797,0.0625,Ecl
21232250,0.0,Ecl
21232250,0.015625,Ecl
21232250,0.03125,Ecl
21232250,0.046875,Ecl
21232250,0.0625,Ecl
21232257,0.0,Pulsating
21232257,0.015625,Pulsating
21232257,0.03125,Pulsating
21232257,0.046875,Pulsating
21232257,0.0625,Pulsating
21232672,0.0,Pulsating
21232672,0.015625,Pulsating
21232672,0.03125,Pulsating
21232672,0.046875,Pulsating
21232672,0.0625,Pulsating
21233124,0.0,Pulsating
21233124,0.015625,Pulsating
21233124,0.03125,Pulsating
21233124,0.046875,Pulsating
21233124,0.0625,Pulsating
21422113,0.0,Ecl
21422113,0.015625,Ecl
21422113,0.03125,Ecl
21422113,0.046875,Ecl
21422113,0.0625,Ecl
21524260,0.0,rotational star
21524260,0.015625,rotational star
21524260,0.03125,rotational star
21524260,0.046875,rotational star
21524260,0.0625,rotational star
21527184,0.0,Ecl
21527184,0.015625,Ecl
21527184,0.03125,Ecl
21527184,0.046875,Ecl
21527184,0.0625,Ecl
21531649,0.0,Ecl
21531649,0.015625,Ecl
21531649,0.03125,Ecl
21531649,0.046875,Ecl
21531649,0.0625,Ecl
21532216,0.0,Ecl
21532216,0.015625,Ecl
21532216,0.03125,Ecl
21532216,0.046875,Ecl
21532216,0.0625,Ecl
21598075,0.0,Ecl
21598075,0.015625,Ecl
21598075,0.03125,Ecl
21598075,0.046875,Ecl
21598075,0.0625,Ecl
21601463,0.0,Ecl
21601463,0.015625,Ecl
21601463,0.03125,Ecl
21601463,0.046875,Ecl
21601463,0.0625,Ecl
21602369,0.0,Ecl
21602369,0.015625,Ecl
21602369,0.03125,Ecl
21602369,0.046875,Ecl
21602369,0.0625,Ecl
21736850,0.0,rotational star
21736850,0.015625,rotational star
21736850,0.03125,rotational star
21736850,0.046875,rotational star
21736850,0.0625,rotational star
21738821,0.0,Ecl
21738821,0.015625,Pulsating
21738821,0.03125,Ecl
21738821,0.046875,Pulsating
21738821,0.0625,Ecl
21742022,0.0,rotational star
21742022,0.015625,rotational star
21742022,0.03125,rotational star
21742022,0.046875,rotational star
21742022,0.0625,rotational star
21771327,0.0,Ecl
21771327,0.015625,Ecl
21771327,0.03125,Ecl
21771327,0.046875,Ecl
21771327,0.0625,Ecl
21860728,0.0,Pulsating
21860728,0.015625,Pulsating
21860728,0.03125,Pulsating
21860728,0.046875,Pulsating
21860728,0.0625,Pulsating
22039675,0.0,Pulsating
22039675,0.015625,Pulsating
22039675,0.03125,Pulsating
22039675,0.046875,Pulsating
22039675,0.0625,Pulsating
22307772,0.0,rotational star
22307772,0.015625,rotational star
22307772,0.03125,rotational star
22307772,0.046875,rotational star
22307772,0.0625,rotational star
22308016,0.0,Ecl
22308016,0.015625,Ecl
22308016,0.03125,Ecl
22308016,0.046875,Ecl
22308016,0.0625,Ecl
22308607,0.0,Pulsating
22308607,0.015625,Pulsating
22308607,0.03125,Pulsating
22308607,0.046875,Pulsating
22308607,0.0625,Pulsating
22309322,0.0,rotational star
22309322,0.015625,rotational star
22309322,0.03125,rotational star
22309322,0.046875,rotational star
22309322,0.0625,rotational star
22570897,0.0,Ecl
22570897,0.015625,Ecl
22570897,0.03125,Ecl
22570897,0.046875,Ecl
22570897,0.0625,Ecl
22580083,0.0,rotational star
22580083,0.015625,rotational star
22580083,0.03125,rotational star
22580083,0.046875,rotational star
22580083,0.0625,rotational star
22580223,0.0,rotational star
22580223,0.015625,rotational star
22580223,0.03125,rotational star
22580223,0.046875,rotational star
22580223,0.0625,rotational star
22840115,0.0,Pulsating
22840115,0.015625,Pulsating
22840115,0.03125,Pulsating
22840115,0.046875,Pulsating
22840115,0.0625,Pulsating
22846405,0.0,Pulsating
22846405,0.015625,Pulsating
22846405,0.03125,Pulsating
22846405,0.046875,Pulsating
22846405,0.0625,Pulsating
22846563,0.0,rotational star
22846563,0.015625,rotational star
22846563,0.03125,rotational star
22846563,0.046875,rotational star
22846563,0.0625,rotational star
22898690,0.0,Pulsating
22898690,0.015625,Pulsating
22898690,0.03125,Pulsating
22898690,0.046875,Pulsating
22898690,0.0625,Pulsating
23048157,0.0,Pulsating
23048157,0.015625,Pulsating
23048157,0.03125,Pulsating
23048157,0.046875,Pulsating
23048157,0.0625,Pulsating
23049620,0.0,Pulsating
23049620,0.015625,Pulsating
23049620,0.03125,Pulsating
23049620,0.046875,Pulsating
23049620,0.0625,Pulsating
23095577,0.0,rotational star
23095577,0.015625,rotational star
23095577,0.03125,rotational star
23095577,0.046875,rotational star
23095577,0.0625,rotational star
23101515,0.0,Pulsating
23101515,0.015625,Pulsating
23101515,0.03125,Pulsating
23101515,0.046875,Pulsating
23101515,0.0625,Pulsating
23101770,0.0,Pulsating
23101770,0.015625,Pulsating
23101770,0.03125,Pulsating
23101770,0.046875,Pulsating
23101770,0.0625,Pulsating
23229632,0.0,Pulsating
23229632,0.015625,Pulsating
23229632,0.03125,Pulsating
23229632,0.046875,Pulsating
23229632,0.0625,Pulsating
23369295,0.0,Ecl
23369295,0.015625,Ecl
23369295,0.03125,Ecl
23369295,0.046875,Ecl
23369295,0.0625,Ecl
23519994,0.0,rotational star
23519994,0.015625,rotational star
23519994,0.03125,rotational star
23519994,0.046875,rotational star
23519994,0.0625,rotational star
23521330,0.0,rotational star
23521330,0.015625,rotational star
23521330,0.03125,rotational star
23521330,0.046875,rotational star
23521330,0.0625,rotational star
23523912,0.0,Pulsating
23523912,0.015625,Ecl
23523912,0.03125,Pulsating
23523912,0.046875,Ecl
23523912,0.0625,Pulsating
23524150,0.0,rotational star
23524150,0.015625,rotational star
23524150,0.03125,rotational star
23524150,0.046875,rotational star
23524150,0.0625,rotational star
24138124,0.0,rotational star
24138124,0.015625,rotational star
24138124,0.03125,rotational star
24138124,0.046875,rotational star
24138124,0.0625,rotational star
24140979,0.0,Ecl
24140979,0.015625,Ecl
24140979,0.03125,Ecl
24140979,0.046875,Ecl
24140979,0.0625,Ecl
24174358,0.0,Ecl
24174358,0.015625,Ecl
24174358,0.03125,Ecl
24174358,0.046875,Ecl
24174358,0.0625,Ecl
24484885,0.0,Pulsating
24484885,0.015625,Pulsating
24484885,0.03125,Pulsating
24484885,0.046875,Pulsating
24484885,0.0625,Pulsating
24533094,0.0,Ecl
24533094,0.015625,Pulsating
24533094,0.03125,Ecl
24533094,0.046875,Pulsating
24533094,0.0625,Ecl
24577185,0.0,rotational star
24577185,0.015625,rotational star
24577185,0.03125,rotational star
24577185,0.046875,rotational star
24577185,0.0625,rotational star
24577672,0.0,Ecl
24577672,0.015625,Ecl
24577672,0.03125,Ecl
24577672,0.046875,Ecl
24577672,0.0625,Ecl
24577924,0.0,Ecl
24577924,0.015625,Ecl
24577924,0.03125,Ecl
24577924,0.046875,Ecl
24577924,0.0625,Ecl
24578578,0.0,Ecl
24578578,0.015625,Ecl
24578578,0.03125,Ecl
24578578,0.046875,Ecl
24578578,0.0625,Ecl
24690993,0.0,Ecl
24690993,0.015625,Ecl
24690993,0.03125,Ecl
24690993,0.046875,Ecl
24690993,0.0625,Ecl
24691343,0.0,Ecl
24691343,0.015625,Ecl
24691343,0.03125,Ecl
24691343,0.046875,Ecl
24691343,0.0625,Ecl
24691515,0.0,Ecl
24691515,0.015625,Ecl
24691515,0.03125,Ecl
24691515,0.046875,Ecl
24691515,0.0625,Ecl
24692152,0.0,Pulsating
24692152,0.015625,Pulsating
24692152,0.03125,Pulsating
24692152,0.046875,Pulsating
24692152,0.0625,Pulsating
24827721,0.0,Ecl
24827721,0.015625,Ecl
24827721,0.03125,Ecl
24827721,0.046875,Ecl
24827721,0.0625,Ecl
25362557,0.0,Pulsating
25362557,0.015625,Pulsating
25362557,0.03125,Pulsating
25362557,0.046875,Pulsating
25362557,0.0625,Pulsating
25463342,0.0,Pulsating
25463342,0.015625,Pulsating
25463342,0.03125,Pulsating
25463342,0.046875,Pulsating
25463342,0.0625,Pulsating
25465107,0.0,Ecl
25465107,0.015625,Ecl
25465107,0.03125,Ecl
25465107,0.046875,Ecl
25465107,0.0625,Ecl
25586204,0.0,Ecl
25586204,0.015625,Ecl
25586204,0.03125,Ecl
25586204,0.046875,Ecl
25586204,0.0625,Ecl
25587645,0.0,Ecl
25587645,0.015625,Ecl
25587645,0.03125,Ecl
25587645,0.046875,Ecl
25587645,0.0625,Ecl
25588590,0.0,rotational star
25588590,0.015625,Ecl
25588590,0.03125,rotational star
25588590,0.046875,Ecl
25588590,0.0625,rotational star
25793632,0.0,Pulsating
25793632,0.015625,Pulsating
25793632,0.03125,Pulsating
25793632,0.046875,Pulsating
25793632,0.0625,Pulsating
26067932,0.0,rotational star
26067932,0.015625,rotational star
26067932,0.03125,rotational star
26067932,0.046875,rotational star
26067932,0.0625,rotational star
26133011,0.0,Ecl
26133011,0.015625,Ecl
26133011,0.03125,Ecl
26133011,0.046875,Ecl
26133011,0.0625,Ecl
26133520,0.0,rotational star
26133520,0.015625,rotational star
26133520,0.03125,rotational star
26133520,0.046875,rotational star
26133520,0.0625,rotational star
26144601,0.0,rotational star
26144601,0.015625,rotational star
26144601,0.03125,rotational star
26144601,0.046875,rotational star
26144601,0.0625,rotational star
26294888,0.0,rotational star
26294888,0.015625,rotational star
26294888,0.03125,rotational star
26294888,0.046875,rotational star
26294888,0.0625,rotational star
26369924,0.0,Ecl
26369924,0.015625,Ecl
26369924,0.03125,Ecl
26369924,0.046875,Ecl
26369924,0.0625,Ecl
26473626,0.0,rotational star
26473626,0.015625,rotational star
26473626,0.03125,rotational star
26473626,0.046875,rotational star
26473626,0.0625,rotational star
26799867,0.0,Ecl
26799867,0.015625,Ecl
26799867,0.03125,Ecl
26799867,0.046875,Ecl
26799867,0.0625,Ecl
26801970,0.0,Ecl
26801970,0.015625,Ecl
26801970,0.03125,Ecl
26801970,0.046875,Ecl
26801970,0.0625,Ecl
26803237,0.0,Pulsating
26803237,0.015625,Pulsating
26803237,0.03125,Pulsating
26803237,0.046875,Pulsating
26803237,0.0625,Pulsating
26915868,0.0,rotational star
26915868,0.015625,rotational star
26915868,0.03125,rotational star
26915868,0.046875,rotational star
26915868,0.0625,rotational star
26916686,0.0,rotational star
26916686,0.015625,Ecl
26916686,0.03125,rotational star
26916686,0.046875,Ecl
26916686,0.0625,rotational star
26917114,0.0,Pulsating
26917114,0.015625,Pulsating
26917114,0.03125,Pulsating
26917114,0.046875,Pulsating
26917114,0.0625,Pulsating
27144593,0.0,Pulsating
27144593,0.015625,Pulsating
27144593,0.03125,Pulsating
27144593,0.046875,Pulsating
27144593,0.0625,Pulsating
27326490,0.0,rotational star
27326490,0.015625,rotational star
27326490,0.03125,rotational star
27326490,0.046875,rotational star
27326490,0.0625,rotational star
27571837,0.0,Ecl
27571837,0.015625,Ecl
27571837,0.03125,Ecl
27571837,0.046875,Ecl
27571837,0.0625,Ecl
27794525,0.0,Ecl
27794525,0.015625,Ecl
27794525,0.03125,Ecl
27794525,0.046875,Ecl
27794525,0.0625,Ecl
27794663,0.0,Ecl
27794663,0.015625,Ecl
27794663,0.03125,Ecl
27794663,0.046875,Ecl
27794663,0.0625,Ecl
27923697,0.0,Ecl
27923697,0.015625,Ecl
27923697,0.03125,Ecl
27923697,0.046875,Ecl
27923697,0.0625,Ecl
28265471,0.0,rotational star
28265471,0.015625,rotational star
28265471,0.03125,rotational star
28265471,0.046875,rotational star
28265471,0.0625,rotational star
28684551,0.0,Pulsating
28684551,0.015625,Pulsating
28684551,0.03125,Pulsating
28684551,0.046875,Pulsating
28684551,0.0625,Pulsating
28684789,0.0,Ecl
28684789,0.015625,Ecl
28684789,0.03125,Ecl
28684789,0.046875,Ecl
28684789,0.0625,Ecl
28711497,0.0,rotational star
28711497,0.015625,rotational star
28711497,0.03125,rotational star
28711497,0.046875,rotational star
28711497,0.0625,rotational star
28753266,0.0,Ecl
28753266,0.015625,Ecl
28753266,0.03125,Ecl
28753266,0.046875,Ecl
28753266,0.0625,Ecl
28766428,0.0,Pulsating
28766428,0.015625,Pulsating
28766428,0.03125,Pulsating
28766428,0.046875,Pulsating
28766428,0.0625,Pulsating
28816210,0.0,rotational star
28816210,0.015625,rotational star
28816210,0.03125,rotational star
28816210,0.046875,rotational star
28816210,0.0625,rotational star
28817718,0.0,Ecl
28817718,0.015625,Ecl
28817718,0.03125,Ecl
28817718,0.046875,Ecl
28817718,0.0625,Ecl
28906137,0.0,Ecl
28906137,0.015625,Ecl
28906137,0.03125,Ecl
28906137,0.046875,Ecl
28906137,0.0625,Ecl
29111193,0.0,Ecl
29111193,0.015625,Ecl
29111193,0.03125,Ecl
29111193,0.046875,Ecl
29111193,0.0625,Ecl
29120461,0.0,rotational star
29120461,0.015625,rotational star
29120461,0.03125,rotational star
29120461,0.046875,rotational star
29120461,0.0625,rotational star
29123719,0.0,rotational star
29123719,0.015625,rotational star
29123719,0.03125,rotational star
29123719,0.046875,rotational star
29123719,0.0625,rotational star
29125200,0.0,rotational star
29125200,0.015625,rotational star
29125200,0.03125,rotational star
29125200,0.046875,rotational star
29125200,0.0625,rotational star
29186647,0.0,Ecl
29186647,0.015625,Ecl
29186647,0.03125,Ecl
29186647,0.046875,Ecl
29186647,0.0625,Ecl
29188720,0.0,rotational star
29188720,0.015625,rotational star
29188720,0.03125,rotational star
29188720,0.046875,rotational star
29188720,0.0625,rotational star
29240740,0.0,rotational star
29240740,0.015625,rotational star
29240740,0.03125,rotational star
29240740,0.046875,rotational star
29240740,0.0625,rotational star
29244562,0.0,Pulsating
29244562,0.015625,Pulsating
29244562,0.03125,Pulsating
29244562,0.046875,Pulsating
29244562,0.0625,Pulsating
29255984,0.0,Pulsating
29255984,0.015625,Pulsating
29255984,0.03125,Pulsating
29255984,0.046875,Pulsating
29255984,0.0625,Pulsating
29272289,0.0,Pulsating
29272289,0.015625,Pulsating
29272289,0.03125,Pulsating
29272289,0.046875,Pulsating
29272289,0.0625,Pulsating
29333111,0.0,Pulsating
29333111,0.015625,Pulsating
29333111,0.03125,Pulsating
29333111,0.046875,Pulsating
29333111,0.0625,Pulsating
29468390,0.0,Pulsating
29468390,0.015625,Pulsating
29468390,0.03125,Pulsating
29468390,0.046875,Pulsating
29468390,0.0625,Pulsating
29470734,0.0,rotational star
29470734,0.015625,rotational star
29470734,0.03125,rotational star
29470734,0.046875,rotational star
29470734,0.0625,rotational star
29581880,0.0,rotational star
29581880,0.015625,rotational star
29581880,0.03125,rotational star
29581880,0.046875,rotational star
29581880,0.0625,rotational star
29587302,0.0,rotational star
29587302,0.015625,rotational star
29587302,0.03125,rotational star
29587302,0.046875,rotational star
29587302,0.0625,rotational star
29588091,0.0,Ecl
29588091,0.015625,Ecl
29588091,0.03125,Ecl
29588091,0.046875,Ecl
29588091,0.0625,Ecl
30985418,0.0,Ecl
30985418,0.015625,Ecl
30985418,0.03125,Ecl
30985418,0.046875,Ecl
30985418,0.0625,Ecl
31050780,0.0,rotational star
31050780,0.015625,rotational star
31050780,0.03125,rotational star
31050780,0.046875,rotational star
31050780,0.0625,rotational star
31079188,0.0,Pulsating
31079188,0.015625,Pulsating
31079188,0.03125,Pulsating
31079188,0.046875,Pulsating
31079188,0.0625,Pulsating
31132730,0.0,rotational star
31132730,0.015625,rotational star
31132730,0.03125,rotational star
31132730,0.046875,rotational star
31132730,0.0625,rotational star
31264095,0.0,Ecl
31264095,0.015625,Ecl
31264095,0.03125,Ecl
31264095,0.046875,Ecl
31264095,0.0625,Ecl
31275601,0.0,Ecl
31275601,0.015625,Ecl
31275601,0.03125,Ecl
31275601,0.046875,Ecl
31275601,0.0625,Ecl
31276935,0.0,Ecl
31276935,0.015625,Ecl
31276935,0.03125,Ecl
31276935,0.046875,Ecl
31276935,0.0625,Ecl
31419272,0.0,Ecl
31419272,0.015625,Ecl
31419272,0.03125,Ecl
31419272,0.046875,Ecl
31419272,0.0625,Ecl
31430137,0.0,rotational star
31430137,0.015625,rotational star
31430137,0.03125,rotational star
31430137,0.046875,rotational star
31430137,0.0625,rotational star
31495826,0.0,Ecl
31495826,0.015625,Ecl
31495826,0.03125,Ecl
31495826,0.046875,Ecl
31495826,0.0625,Ecl
31495934,0.0,Ecl
31495934,0.015625,Ecl
31495934,0.03125,Ecl
31495934,0.046875,Ecl
31495934,0.0625,Ecl
31499229,0.0,rotational star
31499229,0.015625,rotational star
31499229,0.03125,rotational star
31499229,0.046875,rotational star
31499229,0.0625,rotational star
31530586,0.0,Ecl
31530586,0.015625,Ecl
31530586,0.03125,Ecl
31530586,0.046875,Ecl
31530586,0.0625,Ecl
31596857,0.0,rotational star
31596857,0.015625,rotational star
31596857,0.03125,rotational star
31596857,0.046875,rotational star
31596857,0.0625,rotational star
32007198,0.0,Pulsating
32007198,0.015625,Pulsating
32007198,0.03125,Pulsating
32007198,0.046875,Pulsating
32007198,0.0625,Pulsating
32538552,0.0,Pulsating
32538552,0.015625,Pulsating
32538552,0.03125,Pulsating
32538552,0.046875,Pulsating
32538552,0.0625,Pulsating
32540202,0.0,Pulsating
32540202,0.015625,Pulsating
32540202,0.03125,Pulsating
32540202,0.046875,Pulsating
32540202,0.0625,Pulsating
32540408,0.0,rotational star
32540408,0.015625,rotational star
32540408,0.03125,rotational star
32540408,0.046875,rotational star
32540408,0.0625,rotational star
32979939,0.0,Ecl
32979939,0.015625,Ecl
32979939,0.03125,Ecl
32979939,0.046875,Ecl
32979939,0.0625,Ecl
33293395,0.0,Ecl
33293395,0.015625,Ecl
33293395,0.03125,Ecl
33293395,0.046875,Ecl
33293395,0.0625,Ecl
33545044,0.0,rotational star
33545044,0.015625,rotational star
33545044,0.03125,rotational star
33545044,0.046875,rotational star
33545044,0.0625,rotational star
33889547,0.0,Ecl
33889547,0.015625,Ecl
33889547,0.03125,Ecl
33889547,0.046875,Ecl
33889547,0.0625,Ecl
34288224,0.0,rotational star
34288224,0.015625,rotational star
34288224,0.03125,rotational star
34288224,0.046875,rotational star
34288224,0.0625,rotational star
34721768,0.0,Pulsating
34721768,0.015625,Pulsating
34721768,0.03125,Pulsating
34721768,0.046875,Pulsating
34721768,0.0625,Pulsating
34732858,0.0,Pulsating
34732858,0.015625,Pulsating
34732858,0.03125,Pulsating
34732858,0.046875,Pulsating
34732858,0.0625,Pulsating
35903210,0.0,rotational star
35903210,0.015625,Pulsating
35903210,0.03125,rotational star
35903210,0.046875,Pulsating
35903210,0.0625,rotational star
36068658,0.0,Ecl
36068658,0.015625,Ecl
36068658,0.03125,Ecl
36068658,0.046875,Ecl
36068658,0.0625,Ecl
36073512,0.0,Ecl
36073512,0.015625,Ecl
36073512,0.03125,Ecl
36073512,0.046875,Ecl
36073512,0.0625,Ecl
36073957,0.0,Ecl
36073957,0.015625,rotational star
36073957,0.03125,Ecl
36073957,0.046875,rotational star
36073957,0.0625,Ecl
36151101,0.0,Ecl
36151101,0.015625,Ecl
36151101,0.03125,Ecl
36151101,0.046875,Ecl
36151101,0.0625,Ecl
36929805,0.0,rotational star
36929805,0.015625,rotational star
36929805,0.03125,rotational star
36929805,0.046875,rotational star
36929805,0.0625,rotational star
36932872,0.0,Pulsating
36932872,0.015625,Pulsating
36932872,0.03125,Pulsating
36932872,0.046875,Pulsating
36932872,0.0625,Pulsating
36934154,0.0,rotational star
36934154,0.015625,rotational star
36934154,0.03125,rotational star
36934154,0.046875,rotational star
36934154,0.0625,rotational star
37036024,0.0,Pulsating
37036024,0.015625,Pulsating
37036024,0.03125,Pulsating
37036024,0.046875,Pulsating
37036024,0.0625,Pulsating
37156018,0.0,Pulsating
37156018,0.015625,Pulsating
37156018,0.03125,Pulsating
37156018,0.046875,Pulsating
37156018,0.0625,Pulsating
37156082,0.0,rotational star
37156082,0.015625,rotational star
37156082,0.03125,rotational star
37156082,0.046875,rotational star
37156082,0.0625,rotational star
37519132,0.0,Ecl
37519132,0.015625,Ecl
37519132,0.03125,Ecl
37519132,0.046875,Ecl
37519132,0.0625,Ecl
37972550,0.0,Pulsating
37972550,0.015625,Pulsating
37972550,0.03125,Pulsating
37972550,0.046875,Pulsating
37972550,0.0625,Pulsating
38957658,0.0,Ecl
38957658,0.015625,Ecl
38957658,0.03125,Ecl
38957658,0.046875,Ecl
38957658,0.0625,Ecl
38959792,0.0,Ecl
38959792,0.015625,Ecl
38959792,0.03125,Ecl
38959792,0.046875,Ecl
38959792,0.0625,Ecl
38960487,0.0,rotational star
38960487,0.015625,rotational star
38960487,0.03125,rotational star
38960487,0.046875,rotational star
38960487,0.0625,rotational star
39184902,0.0,rotational star
39184902,0.015625,rotational star
39184902,0.03125,rotational star
39184902,0.046875,rotational star
39184902,0.0625,rotational star
39185786,0.0,rotational star
39185786,0.015625,rotational star
39185786,0.03125,rotational star
39185786,0.046875,rotational star
39185786,0.0625,rotational star
39241909,0.0,rotational star
39241909,0.015625,rotational star
39241909,0.03125,rotational star
39241909,0.046875,rotational star
39241909,0.0625,rotational star
39373554,0.0,Pulsating
39373554,0.015625,Pulsating
39373554,0.03125,Pulsating
39373554,0.046875,Pulsating
39373554,0.0625,Pulsating
39375276,0.0,Ecl
39375276,0.015625,Ecl
39375276,0.03125,Ecl
39375276,0.046875,Ecl
39375276,0.0625,Ecl
39594938,0.0,Ecl
39594938,0.015625,Ecl
39594938,0.03125,Ecl
39594938,0.046875,Ecl
39594938,0.0625,Ecl
39595213,0.0,rotational star
39595213,0.015625,rotational star
39595213,0.03125,rotational star
39595213,0.046875,rotational star
39595213,0.0625,rotational star
39832168,0.0,Ecl
39832168,0.015625,Ecl
39832168,0.03125,Ecl
39832168,0.046875,Ecl
39832168,0.0625,Ecl
40702567,0.0,Pulsating
40702567,0.015625,Pulsating
40702567,0.03125,Pulsating
40702567,0.046875,Pulsating
40702567,0.0625,Pulsating
41128071,0.0,Ecl
41128071,0.015625,Ecl
41128071,0.03125,Ecl
41128071,0.046875,Ecl
41128071,0.0625,Ecl
41474622,0.0,Ecl
41474622,0.015625,Ecl
41474622,0.03125,Ecl
41474622,0.046875,Ecl
41474622,0.0625,Ecl
41582109,0.0,Ecl
41582109,0.015625,Ecl
41582109,0.03125,Ecl
41582109,0.046875,Ecl
41582109,0.0625,Ecl
41585546,0.0,Ecl
41585546,0.015625,Ecl
41585546,0.03125,Ecl
41585546,0.046875,Ecl
41585546,0.0625,Ecl
41586209,0.0,Ecl
41586209,0.015625,Ecl
41586209,0.03125,Ecl
41586209,0.046875,Ecl
41586209,0.0625,Ecl
41590845,0.0,rotational star
41590845,0.015625,rotational star
41590845,0.03125,rotational star
41590845,0.046875,rotational star
41590845,0.0625,rotational star
42032149,0.0,Ecl
42032149,0.015625,Ecl
42032149,0.03125,Ecl
42032149,0.046875,Ecl
42032149,0.0625,Ecl
42324856,0.0,Ecl
42324856,0.015625,Ecl
42324856,0.03125,Ecl
42324856,0.046875,Ecl
42324856,0.0625,Ecl
42476058,0.0,Pulsating
42476058,0.015625,Pulsating
42476058,0.03125,Pulsating
42476058,0.046875,Pulsating
42476058,0.0625,Pulsating
42479355,0.0,Pulsating
42479355,0.015625,Pulsating
42479355,0.03125,Pulsating
42479355,0.046875,Pulsating
42479355,0.0625,Pulsating
42746983,0.0,Ecl
42746983,0.015625,Ecl
42746983,0.03125,Ecl
42746983,0.046875,Ecl
42746983,0.0625,Ecl
42785560,0.0,Ecl
42785560,0.015625,Ecl
42785560,0.03125,Ecl
42785560,0.046875,Ecl
42785560,0.0625,Ecl
42786413,0.0,Pulsating
42786413,0.015625,Pulsating
42786413,0.03125,Pulsating
42786413,0.046875,Pulsating
42786413,0.0625,Pulsating
42912979,0.0,Ecl
42912979,0.015625,Ecl
42912979,0.03125,Ecl
42912979,0.046875,Ecl
42912979,0.0625,Ecl
42913803,0.0,Ecl
42913803,0.015625,Ecl
42913803,0.03125,Ecl
42913803,0.046875,Ecl
42913803,0.0625,Ecl
42913866,0.0,Pulsating
42913866,0.015625,Pulsating
42913866,0.03125,Pulsating
42913866,0.046875,Pulsating
42913866,0.0625,Pulsating
43463371,0.0,Ecl
43463371,0.015625,Ecl
43463371,0.03125,Ecl
43463371,0.046875,Ecl
43463371,0.0625,Ecl
43606048,0.0,Pulsating
43606048,0.015625,Pulsating
43606048,0.03125,Pulsating
43606048,0.046875,Pulsating
43606048,0.0625,Pulsating
43607595,0.0,Pulsating
43607595,0.015625,Pulsating
43607595,0.03125,Pulsating
43607595,0.046875,Pulsating
43607595,0.0625,Pulsating
43723851,0.0,Ecl
43723851,0.015625,Ecl
43723851,0.03125,Ecl
43723851,0.046875,Ecl
43723851,0.0625,Ecl
43751151,0.0,Pulsating
43751151,0.015625,Pulsating
43751151,0.03125,Pulsating
43751151,0.046875,Pulsating
43751151,0.0625,Pulsating
43752630,0.0,Pulsating
43752630,0.015625,Pulsating
43752630,0.03125,Pulsating
43752630,0.046875,Pulsating
43752630,0.0625,Pulsating
43752743,0.0,Pulsating
43752743,0.015625,Pulsating
43752743,0.03125,Pulsating
43752743,0.046875,Pulsating
43752743,0.0625,Pulsating
43920296,0.0,rotational star
43920296,0.015625,rotational star
43920296,0.03125,rotational star
43920296,0.046875,rotational star
43920296,0.0625,rotational star
43920441,0.0,Ecl
43920441,0.015625,Ecl
43920441,0.03125,Ecl
43920441,0.046875,Ecl
43920441,0.0625,Ecl
43920514,0.0,Pulsating
43920514,0.015625,Pulsating
43920514,0.03125,Pulsating
43920514,0.046875,Pulsating
43920514,0.0625,Pulsating
44123679,0.0,Pulsating
44123679,0.015625,Pulsating
44123679,0.03125,Pulsating
44123679,0.046875,Pulsating
44123679,0.0625,Pulsating
44137633,0.0,Ecl
44137633,0.015625,Ecl
44137633,0.03125,Ecl
44137633,0.046875,Ecl
44137633,0.0625,Ecl
44449429,0.0,Ecl
44449429,0.015625,Ecl
44449429,0.03125,Ecl
44449429,0.046875,Ecl
44449429,0.0625,Ecl
44663258,0.0,Ecl
44663258,0.015625,Ecl
44663258,0.03125,Ecl
44663258,0.046875,Ecl
44663258,0.0625,Ecl
46259988,0.0,Pulsating
46259988,0.015625,Pulsating
46259988,0.03125,Pulsating
46259988,0.046875,Pulsating
46259988,0.0625,Pulsating
46260797,0.0,Ecl
46260797,0.015625,Ecl
46260797,0.03125,Ecl
46260797,0.046875,Ecl
46260797,0.0625,Ecl
46415881,0.0,rotational star
46415881,0.015625,rotational star
46415881,0.03125,rotational star
46415881,0.046875,rotational star
46415881,0.0625,rotational star
46632641,0.0,Ecl
46632641,0.015625,Ecl
46632641,0.03125,Ecl
46632641,0.046875,Ecl
46632641,0.0625,Ecl
46897724,0.0,Pulsating
46897724,0.015625,Pulsating
46897724,0.03125,Pulsating
46897724,0.046875,Pulsating
46897724,0.0625,Pulsating
46897839,0.0,Pulsating
46897839,0.015625,Pulsating
46897839,0.03125,Pulsating
46897839,0.046875,Pulsating
46897839,0.0625,Pulsating
46898218,0.0,Pulsating
46898218,0.015625,Pulsating
46898218,0.03125,Pulsating
46898218,0.046875,Pulsating
46898218,0.0625,Pulsating
46900721,0.0,Pulsating
46900721,0.015625,Pulsating
46900721,0.03125,Pulsating
46900721,0.046875,Pulsating
46900721,0.0625,Pulsating
46914594,0.0,Pulsating
46914594,0.015625,Pulsating
46914594,0.03125,Pulsating
46914594,0.046875,Pulsating
46914594,0.0625,Pulsating
46981461,0.0,Pulsating
46981461,0.015625,Pulsating
46981461,0.03125,Pulsating
46981461,0.046875,Pulsating
46981461,0.0625,Pulsating
47022490,0.0,Pulsating
47022490,0.015625,Ecl
47022490,0.03125,Pulsating
47022490,0.046875,Ecl
47022490,0.0625,Pulsating
47024234,0.0,rotational star
47024234,0.015625,rotational star
47024234,0.03125,rotational star
47024234,0.046875,rotational star
47024234,0.0625,rotational star
47024240,0.0,Ecl
47024240,0.015625,Ecl
47024240,0.03125,Ecl
47024240,0.046875,Ecl
47024240,0.0625,Ecl
47970546,0.0,Ecl
47970546,0.015625,Ecl
47970546,0.03125,Ecl
47970546,0.046875,Ecl
47970546,0.0625,Ecl
48249657,0.0,rotational star
48249657,0.015625,rotational star
48249657,0.03125,rotational star
48249657,0.046875,rotational star
48249657,0.0625,rotational star
48254913,0.0,Pulsating
48254913,0.015625,Pulsating
48254913,0.03125,Pulsating
48254913,0.046875,Pulsating
48254913,0.0625,Pulsating
48982818,0.0,Ecl
48982818,0.015625,Ecl
48982818,0.03125,Ecl
48982818,0.046875,Ecl
48982818,0.0625,Ecl
50132451,0.0,Ecl
50132451,0.015625,Ecl
50132451,0.03125,Ecl
50132451,0.046875,Ecl
50132451,0.0625,Ecl
50354719,0.0,Pulsating
50354719,0.015625,Pulsating
50354719,0.03125,Pulsating
50354719,0.046875,Pulsating
50354719,0.0625,Pulsating
51619832,0.0,Pulsating
51619832,0.015625,Pulsating
51619832,0.03125,Pulsating
51619832,0.046875,Pulsating
51619832,0.0625,Pulsating
53182877,0.0,Ecl
53182877,0.015625,Ecl
53182877,0.03125,Ecl
53182877,0.046875,Ecl
53182877,0.0625,Ecl
53228372,0.0,rotational star
53228372,0.015625,Ecl
53228372,0.03125,rotational star
53228372,0.046875,Ecl
53228372,0.0625,rotational star
53232890,0.0,rotational star
53232890,0.015625,rotational star
53232890,0.03125,rotational star
53232890,0.046875,rotational star
53232890,0.0625,rotational star
53236580,0.0,Pulsating
53236580,0.015625,Pulsating
53236580,0.03125,Pulsating
53236580,0.046875,Pulsating
53236580,0.0625,Pulsating
53330452,0.0,rotational star
53330452,0.015625,rotational star
53330452,0.03125,rotational star
53330452,0.046875,rotational star
53330452,0.0625,rotational star
53396979,0.0,rotational star
53396979,0.015625,rotational star
53396979,0.03125,rotational star
53396979,0.046875,rotational star
53396979,0.0625,rotational star
57826750,0.0,Ecl
57826750,0.015625,Ecl
57826750,0.03125,Ecl
57826750,0.046875,Ecl
57826750,0.0625,Ecl
57989097,0.0,Ecl
57989097,0.015625,Pulsating
57989097,0.03125,Ecl
57989097,0.046875,Pulsating
57989097,0.0625,Ecl
57992772,0.0,Ecl
57992772,0.015625,Ecl
57992772,0.03125,Ecl
57992772,0.046875,Ecl
57992772,0.0625,Ecl
58248985,0.0,Pulsating
58248985,0.015625,Pulsating
58248985,0.03125,Pulsating
58248985,0.046875,Pulsating
58248985,0.0625,Pulsating
58249067,0.0,Ecl
58249067,0.015625,Ecl
58249067,0.03125,Ecl
58249067,0.046875,Ecl
58249067,0.0625,Ecl
58286884,0.0,rotational star
58286884,0.015625,rotational star
58286884,0.03125,rotational star
58286884,0.046875,rotational star
58286884,0.0625,rotational star
59438186,0.0,Pulsating
59438186,0.015625,Pulsating
59438186,0.03125,Pulsating
59438186,0.046875,Pulsating
59438186,0.0625,Pulsating
59739171,0.0,rotational star
59739171,0.015625,rotational star
59739171,0.03125,rotational star
59739171,0.046875,rotational star
59739171,0.0625,rotational star
60262047,0.0,rotational star
60262047,0.015625,rotational star
60262047,0.03125,rotational star
60262047,0.046875,rotational star
60262047,0.0625,rotational star
60263095,0.0,rotational star
60263095,0.015625,rotational star
60263095,0.03125,rotational star
60263095,0.046875,rotational star
60263095,0.0625,rotational star
60265807,0.0,rotational star
60265807,0.015625,rotational star
60265807,0.03125,rotational star
60265807,0.046875,rotational star
60265807,0.0625,rotational star
60289910,0.0,Pulsating
60289910,0.015625,Pulsating
60289910,0.03125,Pulsating
60289910,0.046875,Pulsating
60289910,0.0625,Pulsating
60498365,0.0,Ecl
60498365,0.015625,Ecl
60498365,0.03125,Ecl
60498365,0.046875,Ecl
60498365,0.0625,Ecl
60656985,0.0,Pulsating
60656985,0.015625,Pulsating
60656985,0.03125,Pulsating
60656985,0.046875,Pulsating
60656985,0.0625,Pulsating
60657582,0.0,rotational star
60657582,0.015625,rotational star
60657582,0.03125,rotational star
60657582,0.046875,rotational star
60657582,0.0625,rotational star
61496813,0.0,Ecl
61496813,0.015625,Ecl
61496813,0.03125,Ecl
61496813,0.046875,Ecl
61496813,0.0625,Ecl
64171523,0.0,Ecl
64171523,0.015625,Ecl
64171523,0.03125,Ecl
64171523,0.046875,Ecl
64171523,0.0625,Ecl
64449850,0.0,Pulsating
64449850,0.015625,Pulsating
64449850,0.03125,Pulsating
64449850,0.046875,Pulsating
64449850,0.0625,Pulsating
64468311,0.0,Pulsating
64468311,0.015625,Pulsating
64468311,0.03125,Pulsating
64468311,0.046875,Pulsating
64468311,0.0625,Pulsating
65147776,0.0,Ecl
65147776,0.015625,Pulsating
65147776,0.03125,Ecl
65147776,0.046875,Pulsating
65147776,0.0625,Ecl
65712645,0.0,Pulsating
65712645,0.015625,Pulsating
65712645,0.03125,Pulsating
65712645,0.046875,Pulsating
65712645,0.0625,Pulsating
67079023,0.0,Pulsating
67079023,0.015625,Pulsating
67079023,0.03125,Pulsating
67079023,0.046875,Pulsating
67079023,0.0625,Pulsating
70836558,0.0,Pulsating
70836558,0.015625,Pulsating
70836558,0.03125,Pulsating
70836558,0.046875,Pulsating
70836558,0.0625,Pulsating
70836696,0.0,Ecl
70836696,0.015625,Ecl
70836696,0.03125,Ecl
70836696,0.046875,Ecl
70836696,0.0625,Ecl
71713323,0.0,Pulsating
71713323,0.015625,Pulsating
71713323,0.03125,Pulsating
71713323,0.046875,Pulsating
71713323,0.0625,Pulsating
72373285,0.0,Ecl
72373285,0.015625,Ecl
72373285,0.03125,Ecl
72373285,0.046875,Ecl
72373285,0.0625,Ecl
77824269,0.0,rotational star
77824269,0.015625,rotational star
77824269,0.03125,rotational star
77824269,0.046875,rotational star
77824269,0.0625,rotational star
77824723,0.0,Pulsating
77824723,0.015625,Pulsating
77824723,0.03125,Pulsating
77824723,0.046875,Pulsating
77824723,0.0625,Pulsating
77826239,0.0,Pulsating
77826239,0.015625,Pulsating
77826239,0.03125,Pulsating
77826239,0.046875,Pulsating
77826239,0.0625,Pulsating
92903768,0.0,Ecl
92903768,0.015625,Ecl
92903768,0.03125,Ecl
92903768,0.046875,Ecl
92903768,0.0625,Ecl
120940265,0.0,Pulsating
120940265,0.015625,rotational star
120940265,0.03125,Pulsating
120940265,0.046875,rotational star
120940265,0.0625,Pulsating
