source_id,period_d,n_ztf_g,correction_median_s,correction_min_s,correction_max_s,correction_span_s,phase_span
7908534,0.545898,424,262.81314524821937,-346.89980945549905,503.83318613749,850.732995592989,0.018037154758310504
4503543,0.2948896,1539,-7.71068288013339,-146.6392638394609,171.93876954261214,318.57803338207304,0.012503817553202816
3707856,0.3355626,775,254.1478633414954,-347.65537390485406,469.87197739072144,817.5273512955755,0.028197785216459072
17395501,0.3079996,703,254.90939549636096,-369.35932603664696,491.4277860894799,860.7871121261269,0.03234684005354584
18563573,4.3754769,835,-66.98037560563534,-142.00521069578826,167.10006049834192,309.1052711941302,0.000817649684195023
16765870,0.2639496,748,282.5959001085721,-348.9292008569464,413.9879268826917,762.9171277396381,0.03345358109593045
7222925,0.3786754,648,147.84095278009772,-260.75972334947437,387.4978284118697,648.2575517613441,0.01981375321228605
1789186,0.3346004,657,230.23197264410555,-320.21581241860986,458.82096423301846,779.0367766516283,0.026947455410674483
9956546,0.4280994,423,217.17908440623432,-371.47070565260947,520.6055786926299,892.0762843452394,0.024118130029466445
64211202,0.2562958,573,358.553729346022,-308.1717034103349,479.2426517698914,787.4143551802263,0.03555888186168174
3577505,0.2888466,978,286.82882292196155,-273.4416243620217,508.76187721733004,782.2035015793517,0.031342869427161454
16030990,0.6814533,1690,284.66522101080045,-342.514444864355,397.14847449213266,739.6629193564877,0.012562729417375873
4723469,0.5793146,490,341.72368270810694,-371.32614296860993,492.76621299795806,864.092355966568,0.01726362314155079
9874894,151.3972895,352,237.0683593209833,-360.7879074057564,506.53561502695084,867.3235224327073,6.630545849252473e-05
29255984,0.4899899,703,219.60698501206934,-348.34921380970627,403.2247761497274,751.5739899594337,0.0177529639528037
4221685,0.0623243,715,349.4399812538177,-372.9744083946571,544.3879419006407,917.3623502952978,0.17036083510098735
7443675,0.3577044,1144,266.23010927578434,-348.6067052464932,446.14868585485965,794.7553911013529,0.02571552870855592
7257067,0.3209094,319,229.60814216639847,-387.0900781592354,506.5746738575399,893.6647520167753,0.03223134640877206
3897960,0.7171575,744,339.78407280519605,-275.7686975877732,578.4246443537995,854.1933419415727,0.013785670530131314
9088982,0.0650154,944,218.28186395578086,-292.21037251409143,330.9794453205541,623.1898178346455,0.11094056352536347
43606826,0.6594661,718,266.0292893531732,-370.4851836897433,470.20767387002707,840.6928575597703,0.014754725689374762
6885262,0.3116756,851,216.5816091466695,-326.1919838609174,367.4080020049587,693.5999858658761,0.02575683696185515
60504463,0.5632822,846,40.38779579568654,-126.91166012082249,153.1642806250602,280.0759407458827,0.005754876835374573
10781693,0.5566442,3366,184.4196790130809,-314.49106223881245,336.4370097639039,650.9280720027164,0.013534479874673376
7437296,1.4528778,793,254.48347243946046,-359.7497586160898,415.09970168117434,774.8494602972642,0.0061726905385551725
4165556,0.3691348,1893,194.26168834324926,-264.6062883082777,289.80061202310026,554.406900331378,0.017383206708262596
59051013,3.1146324,1032,129.9585368251428,-195.72121824603528,221.6933195013553,417.41453774739057,0.0015511258341381433
4989912,0.7265866,623,287.52047640737146,-339.0887914225459,414.92379172705114,754.012583149597,0.012010952982283699
63435677,19.2922553,1001,225.52028463687748,-304.8618164146319,377.4575690506026,682.3193854652345,0.00040934639246409545
8082471,3.2847188,910,195.8644406637177,-278.53450309485197,302.40951504092664,580.9440181357786,0.002047021224098006
3564690,1.1538209,754,290.39950801525265,-359.65680310036987,420.1019244734198,779.7587275737897,0.007821825096810769
3874759,0.1717059,958,67.40086876088753,-221.61691111978143,244.80731289368123,466.42422401346266,0.031439971012494836
58800074,0.3382136,597,299.5191332884133,-388.0845934851095,423.21583901066333,811.3004324957728,0.027763671543765266
6427086,1.4024995,789,190.13722683303058,-240.2173697249964,354.83726263046265,595.054632355459,0.004910665845515808
17173082,3.3026131,966,231.6734284395352,-305.92715840321034,333.91420484986156,639.8413632530719,0.0022423369343346914
16958954,5.2406469,837,218.5980052454397,-362.22145864740014,406.8202989175916,769.0417575649917,0.001698444187894691
