source_id,label,draw,n,n_gotta,phase_offset,std_residual,median_mag,amplitude
7908534,Ecl,0,424,20,,0.033189919330742,15.93027165,0.5462179000000003
7908534,Ecl,1,20,20,0.0030082542942260204,0.017412288387860644,15.9308901,0.19197849999999939
7908534,Ecl,2,20,20,0.0028135292706110704,0.014567494972107128,15.9287877,0.1874818999999981
7908534,Ecl,3,20,20,0.0029155629867396726,0.012832532814235641,15.92438035,0.1852980000000013
7908534,Ecl,4,20,20,0.0034110767892343574,0.016948844737134254,15.930179599999999,0.15827279999999888
7908534,Ecl,5,20,20,0.004365742318100274,0.020338245512590915,15.91957805,0.18003279999999933
7908534,Ecl,6,20,20,0.003194736007571919,0.019345506533469503,15.9253502,0.24440189999999973
7908534,Ecl,7,20,20,0.006027041678834166,0.015379123716508729,15.9283457,0.1816014999999993
7908534,Ecl,8,20,20,0.005396612555969682,0.017152521611008716,15.922875900000001,0.20596119999999907
7908534,Ecl,9,20,20,0.003468963060754504,0.014984704535910645,15.9223599,0.21210480000000054
7908534,Ecl,10,20,20,0.0029782120486743224,0.020453489171490646,15.9260168,0.1793699999999987
7908534,Ecl,11,20,20,0.00420884487141393,0.01674499858467254,15.9326749,0.1816014999999993
7908534,Ecl,12,20,20,0.002726058717257729,0.01968208034718354,15.9270916,0.3356665999999997
7908534,Ecl,13,20,20,0.0025331655383524776,0.024129370773703866,15.9319806,0.2907609999999998
7908534,Ecl,14,20,20,0.0036406984452241886,0.014351971244210343,15.932965750000001,0.224782900000001
7908534,Ecl,15,20,20,0.004479041870695255,0.015380664080135413,15.9199538,0.1857786000000008
7908534,Ecl,16,20,20,0.004302726884475305,0.01432364067473806,15.9277592,0.17987730000000113
7908534,Ecl,17,20,20,0.004136761811537326,0.024604494709516856,15.930179599999999,0.2966622999999995
7908534,Ecl,18,20,20,0.0037323822352846037,0.020582443468493583,15.927457799999999,0.2988728999999992
7908534,Ecl,19,20,20,0.0037669124957346867,0.017351155223550928,15.93163585,0.1860981000000006
7908534,Ecl,20,20,20,0.0027190061193778092,0.013481236348037596,15.92602775,0.18527129999999836
4503543,Ecl,0,1539,20,,0.08555350890005227,16.7307701,2.9894781000000012
4503543,Ecl,1,20,20,0.000720439118140348,0.025847382957064007,16.731115350000003,0.18761440000000107
4503543,Ecl,2,20,20,0.0007136569117847102,0.037288220313411766,16.75483225,0.26008990000000054
4503543,Ecl,3,20,20,0.000790973983839649,0.027858644847145776,16.77247905,0.20291899999999785
4503543,Ecl,4,20,20,0.00032825843982209335,0.03339767938574999,16.73653985,0.23551750000000027
4503543,Ecl,5,20,20,0.0008252240698993774,0.03957586595307932,16.7475147,0.29747580000000085
4503543,Ecl,6,20,20,0.0009239050928613324,0.025031175948253433,16.7499943,0.24253280000000288
4503543,Ecl,7,20,20,0.0011044811265037424,0.03703479691633379,16.73523995,0.252836300000002
4503543,Ecl,8,20,20,0.0005395239370500349,0.040838589563081534,16.74952225,0.2888508000000023
4503543,Ecl,9,20,20,0.0008967762832980952,0.041142122560370094,16.758480050000003,0.24145129999999781
4503543,Ecl,10,20,20,0.0010063087879643717,0.02953568619864214,16.7347431,0.26146130000000056
4503543,Ecl,11,20,20,0.0008969458431238309,0.02938429354360854,16.736647650000002,0.26179119999999756
4503543,Ecl,12,20,20,0.0007814788982898335,0.03520101507389814,16.7328091,0.2792797
4503543,Ecl,13,20,20,0.0006989056230395363,0.017864846101446712,16.726794249999998,0.21768760000000142
4503543,Ecl,14,20,20,0.0005619052062684204,0.04014957213863781,16.72571085,0.2505245000000009
4503543,Ecl,15,20,20,0.0007379032686003484,0.035988971492586154,16.73696615,0.32742500000000163
4503543,Ecl,16,20,20,0.0008437055680587946,0.049552423719255966,16.74228665,0.26212310000000016
4503543,Ecl,17,20,20,0.0010373373569336763,0.03467194449494971,16.75303075,0.22592930000000067
4503543,Ecl,18,20,20,0.0008571004241275659,0.05039410808822216,16.7700939,0.32559769999999943
4503543,Ecl,19,20,20,0.0006090414879054151,0.040997061925561254,16.7434635,0.22134399999999843
4503543,Ecl,20,20,20,0.000272474858888927,0.021197985909666827,16.74554345,0.251464900000002
3707856,Ecl,0,775,20,,0.09554613214416975,15.3511038,2.1113119000000005
3707856,Ecl,1,20,20,0.0014410128028430336,0.03941568815893115,15.318601600000001,0.5572490999999999
3707856,Ecl,2,20,20,0.0019047116682031628,0.03789960501366886,15.3059187,0.48855690000000074
3707856,Ecl,3,20,20,0.0012386660548600048,0.04492497022110613,15.312127100000001,0.558306700000001
3707856,Ecl,4,20,20,0.0015478482982871355,0.04566738866402112,15.316903100000001,0.4714250999999994
3707856,Ecl,5,20,20,0.0019047116682031628,0.02772580140182938,15.314239,0.46754359999999906
3707856,Ecl,6,20,20,0.001352802728433744,0.051542004920207087,15.30095575,0.5123061999999994
3707856,Ecl,7,20,20,0.0012498413109369721,0.0551870428513711,15.3403058,0.5929269999999995
3707856,Ecl,8,20,20,0.001226596768390209,0.05491632954352802,15.308269,0.5463743999999995
3707856,Ecl,9,20,20,0.0012160175110693672,0.03898013702659493,15.364697,0.5118437
3707856,Ecl,10,20,20,0.0013268761117615213,0.04132705040654963,15.3074827,0.5202569999999991
3707856,Ecl,11,20,20,0.0015891222644768277,0.03900624068889503,15.3059187,0.4715184999999984
3707856,Ecl,12,20,20,0.0013241940548596176,0.04453679711724875,15.309878350000002,0.5927658999999998
3707856,Ecl,13,20,20,0.0009755258803352262,0.0451039596445697,15.346395000000001,0.5537452999999992
3707856,Ecl,14,20,20,0.0013627859600546799,0.0413079328339461,15.34399985,0.5118437
3707856,Ecl,15,20,20,0.0013268761117615213,0.0434766122451558,15.3096423,0.5508594999999996
3707856,Ecl,16,20,20,0.0006059972148477755,0.02533361385550571,15.32705495,0.5928374000000005
3707856,Ecl,17,20,20,0.0014803497208504268,0.02994722398400553,15.30075025,0.40212059999999994
3707856,Ecl,18,20,20,0.0014636613259426667,0.025041469030854975,15.3634572,0.5581456000000014
3707856,Ecl,19,20,20,0.0007570867520598767,0.02922100043407607,15.29996535,0.4374590000000005
3707856,Ecl,20,20,20,0.0014451848993530803,0.036659368956833596,15.3059187,0.6319427999999991
17395501,Ecl,0,703,28,,0.03691946811752118,16.2506371,0.6273116999999999
17395501,Ecl,1,28,28,0.0014404239591385704,0.03345826401432656,16.25213625,0.30401609999999835
17395501,Ecl,2,28,28,0.0013004886811813776,0.030901078134729205,16.24295235,0.2963446999999988
17395501,Ecl,3,28,28,0.0014944824658869038,0.029979247597830702,16.24295235,0.2068538000000011
17395501,Ecl,4,28,28,0.0015141253497858997,0.026288088371452516,16.26428035,0.3019046000000003
17395501,Ecl,5,28,28,0.0012910731035447043,0.06835136847897476,16.25574115,0.5367317000000007
17395501,Ecl,6,28,28,0.0015853916639798626,0.05956928820617118,16.24116325,0.5769118999999989
17395501,Ecl,7,28,28,0.0013191575605162598,0.029496466343300675,16.2599516,0.32955929999999967
17395501,Ecl,8,28,28,0.002027600044073097,0.06473985824810143,16.26491545,0.5565947999999992
17395501,Ecl,9,28,28,0.0015779241327891214,0.034829669351500975,16.270655650000002,0.2604103000000002
17395501,Ecl,10,28,28,0.0012220794917539024,0.06769824239413566,16.2480011,0.5565947999999992
17395501,Ecl,11,28,28,0.0015631513776952488,0.036959730422949436,16.240324,0.3060034999999992
17395501,Ecl,12,28,28,0.0016616904665625043,0.030874208938669087,16.2533016,0.27404399999999995
17395501,Ecl,13,28,28,0.001956983067486817,0.02558981632487812,16.2346468,0.2838764000000005
17395501,Ecl,14,28,28,0.0009741895833030867,0.036221030378461784,16.249919900000002,0.27404399999999995
17395501,Ecl,15,28,28,0.0014090927315919544,0.06856055334271353,16.24362185,0.5769118999999989
17395501,Ecl,16,28,28,0.0009618518964771283,0.033643272825937195,16.24116325,0.30112069999999846
17395501,Ecl,17,28,28,0.0017082814341620178,0.027995923192975076,16.254578600000002,0.28474609999999956
17395501,Ecl,18,28,28,0.0015202941881398147,0.024876177366029248,16.2333164,0.24510390000000015
17395501,Ecl,19,28,28,0.0014646122971555542,0.02494286073250437,16.25475695,0.2121124000000023
17395501,Ecl,20,28,28,0.0015995150740764075,0.06893459830398553,16.2480011,0.5699463000000016
18563573,Ecl,0,835,20,,0.04826442127218913,17.5188866,0.6709823999999998
18563573,Ecl,1,20,20,0.002371901448370295,0.027175669549268335,17.521429050000002,0.17379760000000033
18563573,Ecl,2,20,20,0.0019459135987176523,0.04575010912683888,17.503331199999998,0.2321624
18563573,Ecl,3,20,20,0.002732730687750262,0.03295346938396379,17.520771949999997,0.1931800999999993
18563573,Ecl,4,20,20,0.0017248634088105064,0.030638945745505176,17.51486585,0.17860789999999938
18563573,Ecl,5,20,20,0.002015803123743609,0.03407897544028518,17.5197134,0.1991499999999995
18563573,Ecl,6,20,20,0.0017100764488660047,0.03139448504628903,17.517169,0.19042400000000015
18563573,Ecl,7,20,20,0.0019127057890928612,0.03751904808635773,17.5269909,0.12766260000000074
18563573,Ecl,8,20,20,0.0023740612137359562,0.03813462107895488,17.5168095,0.1825562000000005
18563573,Ecl,9,20,20,0.00219453792543689,0.026166258932225333,17.5144825,0.1043358000000012
18563573,Ecl,10,20,20,0.0023999555331144506,0.037929648256592764,17.5072384,0.19363779999999764
18563573,Ecl,11,20,20,0.002120283163261405,0.029141931420390184,17.53099825,0.1854781999999986
18563573,Ecl,12,20,20,0.0018804464486352757,0.028280696551577784,17.51831915,0.13412469999999743
18563573,Ecl,13,20,20,0.0015955860711791559,0.03758358896730488,17.50759695,0.22770309999999938
18563573,Ecl,14,20,20,0.002152153974645188,0.033933695484815715,17.5144825,0.14483260000000087
18563573,Ecl,15,20,20,0.0019590550225103698,0.04697096718533737,17.503331199999998,0.21770859999999814
18563573,Ecl,16,20,20,0.0017978383112122742,0.03783703909568364,17.51758195,0.20915600000000012
18563573,Ecl,17,20,20,0.0019009013614494918,0.03202055692892722,17.51304435,0.16975790000000046
18563573,Ecl,18,20,20,0.002056324420458111,0.039738940997020245,17.5256195,0.21770859999999814
18563573,Ecl,19,20,20,0.0023394592714325313,0.047546207972181835,17.509079,0.21054459999999864
18563573,Ecl,20,20,20,0.0015858728443767234,0.03912273682903805,17.518802649999998,0.20652959999999965
16765870,Ecl,0,748,21,,0.06441119221301127,13.453907000000001,1.218664200000001
16765870,Ecl,1,21,21,0.0015688600962562305,0.01970821073553278,13.478096,0.15727709999999995
16765870,Ecl,2,21,21,0.0018101940522683435,0.022340566197954166,13.4874954,0.22166539999999912
16765870,Ecl,3,21,21,0.0015211237273433653,0.023727473182594196,13.4953241,0.19560329999999837
16765870,Ecl,4,21,21,0.0013404074220488837,0.027450459803887738,13.4634743,0.1722374000000002
16765870,Ecl,5,21,21,0.001220308728989039,0.017498705276995246,13.4682674,0.14216229999999896
16765870,Ecl,6,21,21,0.0018268639349798832,0.022431336194919983,13.4729776,0.1607579999999995
16765870,Ecl,7,21,21,0.0016184908156446909,0.018920303495046368,13.4631586,0.15089989999999887
16765870,Ecl,8,21,21,0.001797312819689978,0.0227218781147623,13.478096,0.18924430000000037
16765870,Ecl,9,21,21,0.0013404074220488837,0.025186610610217562,13.4708347,0.1754131999999995
16765870,Ecl,10,21,21,0.001797312819689978,0.023524718099881724,13.4762917,0.17186839999999926
16765870,Ecl,11,21,21,0.0011316554446239024,0.016819966415673925,13.493907,0.17162129999999998
16765870,Ecl,12,21,21,0.0015934860184643185,0.024177243155378652,13.4729776,0.2105883999999989
16765870,Ecl,13,21,21,0.00210646276332227,0.0220762329024575,13.4843998,0.19587800000000044
16765870,Ecl,14,21,21,0.001810194067275006,0.025413370304749973,13.47194,0.1834383000000006
16765870,Ecl,15,21,21,0.0012297802277316805,0.018424446780198583,13.4682674,0.1280669999999997
16765870,Ecl,16,21,21,0.001058914290752,0.020459600977827543,13.4754658,0.20236680000000007
16765870,Ecl,17,21,21,0.0015211237273433653,0.022854670846859177,13.4831591,0.20334440000000065
16765870,Ecl,18,21,21,0.001220308728989039,0.02474584349567325,13.4708347,0.1886158000000009
16765870,Ecl,19,21,21,0.0008626646836091822,0.023367355756122345,13.4682674,0.1886158000000009
16765870,Ecl,20,21,21,0.001810194067275006,0.02761948472462405,13.4606686,0.18924430000000037
7222925,Ecl,0,648,34,,0.0534484200504649,16.845745049999998,0.8080824999999976
7222925,Ecl,1,34,34,0.0022698860406933363,0.027449297942440453,16.8580265,0.44692230000000066
7222925,Ecl,2,34,34,0.0026147724363880798,0.036710843048443964,16.8570099,0.5453110000000017
7222925,Ecl,3,34,34,0.00203525236034352,0.03516570027332596,16.89438055,0.46010980000000146
7222925,Ecl,4,34,34,0.0014548079920615464,0.027679763299085936,16.8580265,0.47047429999999935
7222925,Ecl,5,34,34,0.0023242861921914937,0.03802266697024686,16.8636551,0.5007935000000003
7222925,Ecl,6,34,34,0.0022433461563196033,0.0348357257503379,16.87327765,0.5073661999999999
7222925,Ecl,7,34,34,0.0019622346794356815,0.030541362789042372,16.8622017,0.46010980000000146
7222925,Ecl,8,34,34,0.0014619381188367697,0.02983971645618292,16.8580265,0.4976596999999998
7222925,Ecl,9,34,34,0.002203998474783475,0.03300602560265905,16.8622017,0.4224357000000012
7222925,Ecl,10,34,34,0.001956821069114767,0.046878739829286795,16.85783005,0.5073661999999999
7222925,Ecl,11,34,34,0.0020273300172561903,0.03731834698848872,16.8551121,0.4878216000000002
7222925,Ecl,12,34,34,0.002369047487576381,0.030978088414746866,16.8551121,0.5009117000000032
7222925,Ecl,13,34,34,0.0015658529723481251,0.029969712585422997,16.8570099,0.49319459999999893
7222925,Ecl,14,34,34,0.0023134589760047675,0.036477125643615126,16.877231600000002,0.4496116999999984
7222925,Ecl,15,34,34,0.0017402767604153269,0.03036176940903677,16.8622017,0.48124890000000065
7222925,Ecl,16,34,34,0.0015566102198469878,0.03345728245751968,16.8551121,0.5172042999999995
7222925,Ecl,17,34,34,0.0019941881620297863,0.031292470950512664,16.865552899999997,0.5007935000000003
7222925,Ecl,18,34,34,0.0022293499990837518,0.03040434887634742,16.85972785,0.5345364000000004
7222925,Ecl,19,34,34,0.0017066067633209059,0.03819177755859107,16.861455900000003,0.45102119999999957
7222925,Ecl,20,34,34,0.0022281616477926036,0.03676302339967253,16.8570099,0.49020769999999914
1789186,Ecl,0,657,22,,0.05250537629648448,13.7641277,0.9785108999999999
1789186,Ecl,1,22,22,0.0021053471530194656,0.08106026400885537,13.7744498,0.46917350000000013
1789186,Ecl,2,22,22,0.003541986198897007,0.07161739293920646,13.73519995,0.4393873999999993
1789186,Ecl,3,22,22,0.0018577383550564264,0.08089437195027899,13.765160999999999,0.46917350000000013
1789186,Ecl,4,22,22,0.002814252471580403,0.0364700531468795,13.766918650000001,0.2972917000000006
1789186,Ecl,5,22,22,0.0021053471530194656,0.0688706865640796,13.7906661,0.4349881
1789186,Ecl,6,22,22,0.003602356728251266,0.0239404594268034,13.748481250000001,0.2466955999999989
1789186,Ecl,7,22,22,0.002347576383726846,0.07712964702954066,13.766918650000001,0.46917350000000013
1789186,Ecl,8,22,22,0.0023513121929710223,0.029348986301378815,13.757002799999999,0.2727137000000006
1789186,Ecl,9,22,22,0.0016391193767049117,0.026146768294326772,13.79730605,0.26438710000000043
1789186,Ecl,10,22,22,0.0016211875420637512,0.02528018361395449,13.752924400000001,0.263576500000001
1789186,Ecl,11,22,22,0.002311114985104723,0.031192098409419566,13.769892200000001,0.22343829999999976
1789186,Ecl,12,22,22,0.0018838889495782496,0.06751279803133918,13.79185195,0.4372807000000005
1789186,Ecl,13,22,22,0.002145394916283294,0.03460949670885871,13.78207495,0.2866087000000004
1789186,Ecl,14,22,22,0.003257467707953765,0.03549476649766029,13.751710899999999,0.23774629999999952
1789186,Ecl,15,22,22,0.001965179967719166,0.027239149876198094,13.7580366,0.2954693000000006
1789186,Ecl,16,22,22,0.002481318018908496,0.027582231705208623,13.77137995,0.23422629999999955
1789186,Ecl,17,22,22,0.0027613535396113775,0.07157529273042441,13.789140199999999,0.4349881
1789186,Ecl,18,22,22,0.0014553180486558404,0.026245340932104566,13.761229,0.25656700000000043
1789186,Ecl,19,22,22,0.0023490707166047287,0.030943544852458576,13.766918650000001,0.2800016999999997
1789186,Ecl,20,22,22,0.002742823976589648,0.06877000100544343,13.7447667,0.4294606000000005
9956546,Ecl,0,423,30,,0.052029445474168205,15.1494532,0.6940804000000007
9956546,Ecl,1,30,30,0.003899678436596332,0.03149636832260809,15.13915395,0.4444094000000014
9956546,Ecl,2,30,30,0.0036107268580281016,0.025284916788831664,15.121159550000002,0.40588280000000054
9956546,Ecl,3,30,30,0.002083277854296739,0.056900270866637716,15.09196425,0.6361360999999999
9956546,Ecl,4,30,30,0.003692366783525358,0.02956067774148501,15.10480405,0.4444094000000014
9956546,Ecl,5,30,30,0.0030669279074118094,0.024712717342407882,15.1131754,0.4004431000000004
9956546,Ecl,6,30,30,0.0031319828997276034,0.02426345375628758,15.12352135,0.4643460000000008
9956546,Ecl,7,30,30,0.003853544298920042,0.03025938980495194,15.13039395,0.4444094000000014
9956546,Ecl,8,30,30,0.0036339691264402063,0.023928597345341307,15.129488949999999,0.4050703000000002
9956546,Ecl,9,30,30,0.0029267735435496434,0.08229130057441368,15.1204214,0.6555537999999999
9956546,Ecl,10,30,30,0.004254969761063876,0.02114099990080878,15.09918405,0.4220150999999994
9956546,Ecl,11,30,30,0.0030637744399655276,0.03270140469243898,15.12296345,0.41440769999999993
9956546,Ecl,12,30,30,0.002858331496256028,0.04092329293123403,15.13039395,0.4371729000000002
9956546,Ecl,13,30,30,0.003115748352911396,0.03500693077298526,15.122928600000002,0.4268294000000008
9956546,Ecl,14,30,30,0.003701126415762701,0.02534298588737721,15.138909349999999,0.39412790000000086
9956546,Ecl,15,30,30,0.003227404668901812,0.07586405464810224,15.121159550000002,0.6940804000000007
9956546,Ecl,16,30,30,0.00292945983392201,0.027451963420614553,15.115525250000001,0.39682769999999934
9956546,Ecl,17,30,30,0.003932965096808516,0.02365779715241889,15.13775065,0.40623949999999986
9956546,Ecl,18,30,30,0.003179868976186384,0.028672280629662098,15.1607895,0.42706210000000056
9956546,Ecl,19,30,30,0.0036778841473505963,0.031576239638435984,15.10480405,0.4108666999999997
9956546,Ecl,20,30,30,0.0032312589084995125,0.027269526914915763,15.13775065,0.43230349999999973
64211202,Ecl,0,573,21,,0.027726093984846104,14.6405993,0.5500422
64211202,Ecl,1,21,21,0.0023703080589712044,0.039531235698836494,14.5995617,0.34914110000000065
64211202,Ecl,2,21,21,0.0023703080589712044,0.014560278391973625,14.5923576,0.34914110000000065
64211202,Ecl,3,21,21,0.0026399184050092117,0.0172241185513204,14.5913372,0.34403130000000104
64211202,Ecl,4,21,21,0.0024975048377200437,0.017448366148138213,14.5923576,0.33666330000000144
64211202,Ecl,5,21,21,0.0026855687729039346,0.026482656342734386,14.6237316,0.3428640000000005
64211202,Ecl,6,21,21,0.0027538492840903928,0.021664468811760165,14.5873213,0.3511371999999984
64211202,Ecl,7,21,21,0.002340654825729871,0.015877418774056302,14.5995617,0.344615000000001
64211202,Ecl,8,21,21,0.0021479088024705106,0.01751249635287868,14.607976,0.3251553000000005
64211202,Ecl,9,21,21,0.0023441663977621374,0.026819767714071477,14.5813122,0.47570039999999914
64211202,Ecl,10,21,21,0.0021748308063251898,0.043490698625954075,14.5995617,0.47570039999999914
64211202,Ecl,11,21,21,0.0025197447737355105,0.015596682207246722,14.6001301,0.3384638000000013
64211202,Ecl,12,21,21,0.0026855687729039346,0.033089803838425864,14.5878506,0.4585991000000007
64211202,Ecl,13,21,21,0.002382013276019279,0.01727115345896959,14.5936584,0.35375209999999946
64211202,Ecl,14,21,21,0.002371868750287831,0.03848198845086642,14.5923576,0.3300352000000011
64211202,Ecl,15,21,21,0.002691811571821745,0.016865940982213418,14.5893669,0.336650800000001
64211202,Ecl,16,21,21,0.0018701047752074373,0.015502331821434795,14.5923576,0.3511371999999984
64211202,Ecl,17,21,21,0.0024975048377200437,0.013426191823874872,14.5878506,0.3480586999999993
64211202,Ecl,18,21,21,0.0025240366759362587,0.01899443273791912,14.607976,0.34141639999999995
64211202,Ecl,19,21,21,0.002335972725461488,0.015635296590369902,14.593792,0.3300352000000011
64211202,Ecl,20,21,21,0.0018701047752074373,0.015161467031540173,14.5995617,0.3459424999999996
3577505,Ecl,0,978,23,,0.03517879844878257,14.7535553,0.6747169
3577505,Ecl,1,23,23,0.0015790388365530816,0.02271698837722819,14.7421627,0.39864920000000126
3577505,Ecl,2,23,23,0.0012712630068563158,0.024456025711517313,14.7421627,0.4250946000000013
3577505,Ecl,3,23,23,0.0010237267651973525,0.02903044343478082,14.7619925,0.43354219999999977
3577505,Ecl,4,23,23,0.001245643880793068,0.023341368465003853,14.7155972,0.3772525000000009
3577505,Ecl,5,23,23,0.0014460962875091354,0.026957270662038638,14.7155972,0.5670937999999985
3577505,Ecl,6,23,23,0.0010950449013762409,0.020816129302307997,14.7421627,0.41108610000000034
3577505,Ecl,7,23,23,0.0016157365207618568,0.018609302169535023,14.728982,0.40743920000000067
3577505,Ecl,8,23,23,0.0016448177045731427,0.021582299652776624,14.7097168,0.40743920000000067
3577505,Ecl,9,23,23,0.0010822353478943114,0.02537672491746491,14.7421627,0.47831339999999933
3577505,Ecl,10,23,23,0.001043460440087074,0.02196918048072355,14.7421627,0.41851039999999884
3577505,Ecl,11,23,23,0.0016074275990831666,0.022104533376165015,14.728982,0.43388460000000073
3577505,Ecl,12,23,23,0.0011822884598586825,0.017406596120628146,14.7421627,0.3713932
3577505,Ecl,13,23,23,0.0012006372853647918,0.02382319576583231,14.7604275,0.40533540000000023
3577505,Ecl,14,23,23,0.0012705705930784461,0.01807710482273625,14.7421627,0.42062759999999955
3577505,Ecl,15,23,23,0.00100987859423185,0.02296378170392938,14.7639704,0.4633063999999987
3577505,Ecl,16,23,23,0.0011964828318014042,0.025704001485987293,14.7619925,0.4633063999999987
3577505,Ecl,17,23,23,0.0016434328581453883,0.03033033232210653,14.728982,0.5670937999999985
3577505,Ecl,18,23,23,0.001454751431083423,0.030401751668153926,14.719718,0.47518059999999984
3577505,Ecl,19,23,23,0.0010237267651973525,0.026076974583031706,14.7364626,0.4762095999999989
3577505,Ecl,20,23,23,0.0014460962875091354,0.017295710079234874,14.762044,0.39864920000000126
16030990,Pulsating,0,1690,24,,0.041313236892404896,15.4468646,1.3096207999999994
16030990,Pulsating,1,24,24,0.0009479006125161504,0.025631468965862186,15.43888665,0.7924890999999992
16030990,Pulsating,2,24,24,0.0007897092834809882,0.027149569230605356,15.43008135,0.6745281000000016
16030990,Pulsating,3,24,24,0.0005886683661913139,0.025894504665093618,15.4266124,0.714979099999999
16030990,Pulsating,4,24,24,0.0005761950268805549,0.025624117596425213,15.4231362,0.6745281000000016
16030990,Pulsating,5,24,24,0.0005951251563089954,0.025795177918470448,15.44503115,0.7924890999999992
16030990,Pulsating,6,24,24,0.0006690113648346596,0.0248381977704803,15.43137835,0.6864451999999996
16030990,Pulsating,7,24,24,0.0007800241080389014,0.022886112827851576,15.44319965,0.7050447000000002
16030990,Pulsating,8,24,24,0.0007918370975374955,0.018519639915356826,15.439642899999999,0.6750756000000013
16030990,Pulsating,9,24,24,0.0006334256466118404,0.01993424672301097,15.4349575,0.714979099999999
16030990,Pulsating,10,24,24,0.0007412833686828435,0.025119385752716522,15.44319965,0.7226514000000002
16030990,Pulsating,11,24,24,0.0009118746604599437,0.019901502208729265,15.429604999999999,0.714979099999999
16030990,Pulsating,12,24,24,0.0006101665350684016,0.020707295000521677,15.44319965,0.7924890999999992
16030990,Pulsating,13,24,24,0.0005886683661913139,0.027874542087934818,15.423055649999998,0.8077258999999994
16030990,Pulsating,14,24,24,0.00046863079869297053,0.028827851016994643,15.43008135,0.6720199999999998
16030990,Pulsating,15,24,24,0.0006235203531446132,0.029072738105424437,15.442355599999999,0.7729272999999992
16030990,Pulsating,16,24,24,0.0006916101190199697,0.020074303472430128,15.4266124,0.6668558000000004
16030990,Pulsating,17,24,24,0.0006235203531446132,0.030870792301692696,15.42706535,0.7811471000000001
16030990,Pulsating,18,24,24,0.0006918302409530952,0.026342225472268693,15.414791099999999,0.7811471000000001
16030990,Pulsating,19,24,24,0.0007047438146230434,0.025799877071830717,15.4248891,0.6720199999999998
16030990,Pulsating,20,24,24,0.000524247225072827,0.02914868941057826,15.442355599999999,0.6750756000000013
4723469,Pulsating,0,490,22,,0.0686384166140009,16.7734337,1.365375499999999
4723469,Pulsating,1,22,22,0.0022915873318822833,0.027957465686836255,16.8192587,0.8993853999999999
4723469,Pulsating,2,22,22,0.0015137716150093183,0.049322149304355134,16.85254475,1.0111542
4723469,Pulsating,3,22,22,0.002438830300100392,0.031037805666531297,16.847171799999998,0.9246672999999994
4723469,Pulsating,4,22,22,0.002342164341825992,0.05455577136032163,16.85162545,1.017871900000003
4723469,Pulsating,5,22,22,0.0021061095336563085,0.032481906074177634,16.83917425,0.9236640999999999
4723469,Pulsating,6,22,22,0.001928313212346211,0.025732195506342447,16.8320789,0.9117469000000007
4723469,Pulsating,7,22,22,0.0022980604987878905,0.0496988637487629,16.851007449999997,1.0111542
4723469,Pulsating,8,22,22,0.0030410074286635336,0.029449865612271794,16.84433935,0.9113025999999991
4723469,Pulsating,9,22,22,0.001962664165489514,0.025181612439956234,16.825789450000002,0.8988228000000014
4723469,Pulsating,10,22,22,0.0023854914048868636,0.0553480945208064,16.8492155,0.8405476000000007
4723469,Pulsating,11,22,22,0.002633197922364161,0.050897501302522026,16.8320789,1.0111542
4723469,Pulsating,12,22,22,0.002349586903967804,0.02079735456368945,16.8320789,0.8988228000000014
4723469,Pulsating,13,22,22,0.002389288991942351,0.03295320317413192,16.84104155,0.9113025999999991
4723469,Pulsating,14,22,22,0.0020696008734830684,0.0519637696277036,16.87548255,1.0111542
4723469,Pulsating,15,22,22,0.002084014459910577,0.029181198703380026,16.8511791,0.9289684000000022
4723469,Pulsating,16,22,22,0.0023911014819759657,0.05017559382133454,16.8593502,1.017871900000003
4723469,Pulsating,17,22,22,0.002408104333085248,0.0381034144520292,16.86380385,0.7406959999999998
4723469,Pulsating,18,22,22,0.002740738798024722,0.03112097174271572,16.8511791,0.9113025999999991
4723469,Pulsating,19,22,22,0.002136490261364088,0.02633136738887145,16.8492155,0.9246672999999994
4723469,Pulsating,20,22,22,0.0022593941182549315,0.03117128398293909,16.847171799999998,0.9178886999999989
9874894,Pulsating,0,352,27,,0.37791031455073487,14.56908325,2.0436821
9874894,Pulsating,1,27,27,0.006317413628480817,0.19270439591456537,14.6102257,1.591937999999999
9874894,Pulsating,2,27,27,0.004817175409194463,0.23217865620915656,14.5460386,1.6354016999999992
9874894,Pulsating,3,27,27,0.004895769947027007,0.20318379902431577,14.816576,1.4654703999999992
9874894,Pulsating,4,27,27,0.005237776069972888,0.16636485990544247,14.6102257,1.5145415999999994
9874894,Pulsating,5,27,27,0.006822473529117801,0.2026641371994111,14.6102257,1.4881677999999994
9874894,Pulsating,6,27,27,0.006006294452164274,0.2504207161741436,14.5758047,1.5516652999999998
9874894,Pulsating,7,27,27,0.00468383682653517,0.2078814528637392,14.5758047,1.5653609999999993
9874894,Pulsating,8,27,27,0.004966461437192926,0.2329648399318021,14.6576128,1.6041974999999997
9874894,Pulsating,9,27,27,0.00394322383160331,0.18646686003280968,14.6576128,1.4111203999999997
9874894,Pulsating,10,27,27,0.004465524463695303,0.2570848570550942,14.7726297,1.5516652999999998
9874894,Pulsating,11,27,27,0.005029883972894389,0.20488750965546051,14.6102257,1.5516652999999998
9874894,Pulsating,12,27,27,0.0044976412870444404,0.20049528543913106,14.5793409,1.5653609999999993
9874894,Pulsating,13,27,27,0.006624468002774719,0.22195907719628594,14.7446718,1.6356877999999995
9874894,Pulsating,14,27,27,0.0033262141063392647,0.20436691293669781,14.6194782,1.5145415999999994
9874894,Pulsating,15,27,27,0.006104594758919113,0.22291707706285807,14.5282764,1.6041974999999997
9874894,Pulsating,16,27,27,0.00468383682653517,0.23293021601517788,14.5893955,1.5516652999999998
9874894,Pulsating,17,27,27,0.00468383682653517,0.2187370666771583,14.5793409,1.5429134999999992
9874894,Pulsating,18,27,27,0.006026000221086569,0.24282394174295122,14.5793409,1.5607337999999995
9874894,Pulsating,19,27,27,0.006503099911864041,0.2931006161026502,14.7350836,1.5003805999999997
9874894,Pulsating,20,27,27,0.004942959034958783,0.20351463320173227,14.6102257,1.6041974999999997
29255984,Pulsating,0,703,25,,0.05446439377537693,17.8469276,1.5823535999999976
29255984,Pulsating,1,25,25,0.002810874255374074,0.019450885358456033,17.5713139,1.327777900000001
29255984,Pulsating,2,25,25,0.002543725905525207,0.02227231666733619,17.6373405,1.3680075999999985
29255984,Pulsating,3,25,25,0.003067614262818097,0.021798130889776186,17.5713139,1.287689199999999
29255984,Pulsating,4,25,25,0.0031406769803652423,0.02202537531611081,17.6046505,1.3680075999999985
29255984,Pulsating,5,25,25,0.0027467913096188568,0.04319738865836228,17.612545,1.3361052999999998
29255984,Pulsating,6,25,25,0.003362110119269346,0.023431290420152684,17.6046505,1.327777900000001
29255984,Pulsating,7,25,25,0.0018330990094490573,0.033522190326504275,17.6013489,1.3361052999999998
29255984,Pulsating,8,25,25,0.0024629079052829184,0.03604019452311156,17.5524387,1.3882025999999996
29255984,Pulsating,9,25,25,0.0021477993743701518,0.018606798508683332,17.6046505,1.2898215999999998
29255984,Pulsating,10,25,25,0.0028002618073514896,0.024523037440556675,17.6013489,1.3822422000000003
29255984,Pulsating,11,25,25,0.0028002618073514896,0.027608013222638467,17.5620193,1.3788908999999983
29255984,Pulsating,12,25,25,0.0020996351095163845,0.021792346170228336,17.6046505,1.3340376999999997
29255984,Pulsating,13,25,25,0.0029767960513709113,0.01981920161136367,17.6013851,1.3464737000000007
29255984,Pulsating,14,25,25,0.003218025509340805,0.03682460960440602,17.5703735,1.3234406000000014
29255984,Pulsating,15,25,25,0.001998408542931429,0.021295342778695128,17.5620193,1.2941588999999993
29255984,Pulsating,16,25,25,0.002463928327600229,0.033845014257066014,17.5713139,1.3794517000000006
29255984,Pulsating,17,25,25,0.003236801405364531,0.020933786752522752,17.6046505,1.3469885999999995
29255984,Pulsating,18,25,25,0.0022388216575564,0.017834795576962055,17.6046505,1.3903350000000003
29255984,Pulsating,19,25,25,0.0029767960513709113,0.026149953621184188,17.5524387,1.3234406000000014
29255984,Pulsating,20,25,25,0.0027955678251601057,0.015064753217041399,17.6013489,1.3335991000000007
4221685,Pulsating,0,715,24,,0.0498568290822527,15.8848276,0.4155874999999991
4221685,Pulsating,1,24,24,0.001298049106196686,0.03256094248174194,15.9167867,0.3261213999999981
4221685,Pulsating,2,24,24,0.0022021908104079557,0.03948521673429997,15.878788,0.3292293999999991
4221685,Pulsating,3,24,24,0.0020601916021405486,0.03605247604598106,15.873216150000001,0.20912359999999985
4221685,Pulsating,4,24,24,0.0020674118895840365,0.045067806036490854,15.910653150000002,0.36522099999999824
4221685,Pulsating,5,24,24,0.002017672090914857,0.0464377083095435,15.877156249999999,0.33149429999999924
4221685,Pulsating,6,24,24,0.001595685824895554,0.04151745212313429,15.893390700000001,0.33081720000000026
4221685,Pulsating,7,24,24,0.0020577848135872046,0.04819772729426884,15.915129199999999,0.3437280000000005
4221685,Pulsating,8,24,24,0.001960711952051497,0.031706535104926874,15.92051315,0.3437280000000005
4221685,Pulsating,9,24,24,0.0016486346103192773,0.04301142534457029,15.897040350000001,0.26162819999999876
4221685,Pulsating,10,24,24,0.0019478758472359914,0.0429296893325865,15.91109565,0.32832239999999935
4221685,Pulsating,11,24,24,0.0017015835426263948,0.032877319775856804,15.893390700000001,0.292910599999999
4221685,Pulsating,12,24,24,0.0020642028847532856,0.04125118745878118,15.89911605,0.27781009999999995
4221685,Pulsating,13,24,24,0.002017672090914857,0.04525111303483839,15.868157400000001,0.32832239999999935
4221685,Pulsating,14,24,24,0.0017954473860299913,0.02831817111813273,15.9154377,0.2849025999999988
4221685,Pulsating,15,24,24,0.0020521690055375075,0.037128079769705634,15.917684099999999,0.30462840000000035
4221685,Pulsating,16,24,24,0.0026225725978292758,0.0358765912371727,15.915996100000001,0.2923946999999991
4221685,Pulsating,17,24,24,0.0017577413218532456,0.02851074686696612,15.9158926,0.2849025999999988
4221685,Pulsating,18,24,24,0.0016253692472218972,0.04333541086652613,15.894381549999999,0.3437280000000005
4221685,Pulsating,19,24,24,0.001595685824895554,0.04190570389000206,15.8959513,0.28200629999999904
4221685,Pulsating,20,24,24,0.0013790768734907033,0.04564115460671312,15.88581275,0.33149429999999924
7443675,Pulsating,0,1144,20,,0.08398179540908117,16.52321435,2.1059781000000015
7443675,Pulsating,1,20,20,0.00150752969250334,0.024181979886706065,16.6241274,0.5553512999999981
7443675,Pulsating,2,20,20,0.0009333125328225833,0.026859111811161525,16.71114635,0.6696300999999991
7443675,Pulsating,3,20,20,0.0013793512132451724,0.019015913845686173,16.659184449999998,0.591930399999999
7443675,Pulsating,4,20,20,0.0015944729752845888,0.020840020367138425,16.643671050000002,0.5578842000000002
7443675,Pulsating,5,20,20,0.000949247482822102,0.023894074182456922,16.604101200000002,0.6113929999999996
7443675,Pulsating,6,20,20,0.001078544179108576,0.025194693661165897,16.67353345,0.6167182999999987
7443675,Pulsating,7,20,20,0.001205045278425132,0.02244092591192073,16.7021284,0.6669406999999978
7443675,Pulsating,8,20,20,0.0011754118702356209,0.027404229469720483,16.604101200000002,0.6179504999999992
7443675,Pulsating,9,20,20,0.0016552773761588924,0.019665899246274276,16.65839575,0.5646094999999995
7443675,Pulsating,10,20,20,0.0009858698975477864,0.0261833763920462,16.63275145,0.6179866999999994
7443675,Pulsating,11,20,20,0.0009422584729463779,0.02897887789387309,16.623338699999998,0.6238154999999992
7443675,Pulsating,12,20,20,0.001068340224549047,0.025847949162141375,16.623338699999998,0.5789317999999994
7443675,Pulsating,13,20,20,0.0011200589016198137,0.02651386261024525,16.60328105,0.6246566999999992
7443675,Pulsating,14,20,20,0.0013167296790470573,0.022498356544588333,16.625747699999998,0.5957984999999972
7443675,Pulsating,15,20,20,0.0015908386787941708,0.02395243445309032,16.6915426,0.6890926999999998
7443675,Pulsating,16,20,20,0.0012872360504161406,0.01870676656228,16.67353345,0.5857887000000019
7443675,Pulsating,17,20,20,0.0011654874683699745,0.027000854934397633,16.643671050000002,0.5779589999999999
7443675,Pulsating,18,20,20,0.0014586066040465084,0.027410759243658173,16.68260765,0.6669406999999978
7443675,Pulsating,19,20,20,0.0012872360504161406,0.027794157907916554,16.6241274,0.591930399999999
7443675,Pulsating,20,20,20,0.001374319123897294,0.02407467859747199,16.6383381,0.5984878999999985
7257067,Pulsating,0,319,31,,0.04524761212639386,16.0684223,0.8944369000000005
7257067,Pulsating,1,31,31,0.0049225731610818,0.04173594784361714,16.1895676,0.7612714999999994
7257067,Pulsating,2,31,31,0.0047860860386208515,0.029193118849106043,16.1821022,0.5679245000000019
7257067,Pulsating,3,31,31,0.004728748985144193,0.026633679090010607,16.1885605,0.5911606999999997
7257067,Pulsating,4,31,31,0.005312402798608673,0.02801595180745023,16.1895676,0.5560283000000013
7257067,Pulsating,5,31,31,0.004311497251528351,0.0291920278063122,16.1970634,0.6097584000000005
7257067,Pulsating,6,31,31,0.0047860860386208515,0.0366960168746872,16.1895676,0.693408999999999
7257067,Pulsating,7,31,31,0.005312402798608673,0.029049870184299824,16.2074318,0.5801850000000002
7257067,Pulsating,8,31,31,0.005250391533081711,0.03843782899931125,16.1970634,0.747418399999999
7257067,Pulsating,9,31,31,0.004342347103374777,0.03596197308418237,16.1885605,0.7351636999999993
7257067,Pulsating,10,31,31,0.004514358268806973,0.027960444832900982,16.1677475,0.579592700000001
7257067,Pulsating,11,31,31,0.004732488363060838,0.040267873585849406,16.1781693,0.7448730999999995
7257067,Pulsating,12,31,31,0.005312402798608673,0.02921596097604055,16.1885605,0.5998154000000007
7257067,Pulsating,13,31,31,0.004165661697697942,0.03911147859045092,16.1677475,0.7351636999999993
7257067,Pulsating,14,31,31,0.004311497251528351,0.03868650601702941,16.1895676,0.747418399999999
7257067,Pulsating,15,31,31,0.0049225731610818,0.030557549017138735,16.1970634,0.6156435000000009
7257067,Pulsating,16,31,31,0.0047860860386208515,0.04522674024958601,16.1677475,0.755386399999999
7257067,Pulsating,17,31,31,0.004514358268806973,0.025333706074750873,16.2210197,0.5993175999999991
7257067,Pulsating,18,31,31,0.0038141606338015777,0.02732738394975353,16.1781693,0.5465136000000008
7257067,Pulsating,19,31,31,0.004474471605135477,0.027479059195074172,16.1781693,0.6156435000000009
7257067,Pulsating,20,31,31,0.004167219783539622,0.027968863614990746,16.1821022,0.5895357000000008
3897960,Pulsating,0,744,68,,0.07244916418821072,17.0744705,0.7898215999999998
3897960,Pulsating,1,68,68,0.01165336763688174,0.04695962741211841,16.634326950000002,0.6535834999999999
3897960,Pulsating,2,68,68,0.010241264992259858,0.0459764230109517,16.6244888,0.6584091000000001
3897960,Pulsating,3,68,68,0.01129242878897685,0.04762934545337857,16.62577055,0.6535834999999999
3897960,Pulsating,4,68,68,0.011486807290111756,0.04976803067228347,16.62577055,0.6449011999999996
3897960,Pulsating,5,68,68,0.010569923620174393,0.04840026902300329,16.6270733,0.6479569000000005
3897960,Pulsating,6,68,68,0.010917615726338425,0.04548058909132328,16.62577055,0.6666775000000023
3897960,Pulsating,7,68,68,0.009131885258398142,0.04600135956908674,16.62577055,0.6479569000000005
3897960,Pulsating,8,68,68,0.010746732761390376,0.04816700461380631,16.62577055,0.6422176000000022
3897960,Pulsating,9,68,68,0.010899976643926834,0.045993102971422756,16.6270733,0.6478806000000006
3897960,Pulsating,10,68,68,0.010320257410114664,0.04645043748797153,16.6270733,0.6529732000000017
3897960,Pulsating,11,68,68,0.009506837763069598,0.047592180954554336,16.6244888,0.6672878000000004
3897960,Pulsating,12,68,68,0.00816285125097238,0.04743266542053946,16.6270733,0.6535834999999999
3897960,Pulsating,13,68,68,0.011674144110056517,0.045922459552924726,16.6244888,0.6584091000000001
3897960,Pulsating,14,68,68,0.009870147078345326,0.04852927931880025,16.6244888,0.6584091000000001
3897960,Pulsating,15,68,68,0.011195100105240385,0.046875232385285834,16.6270733,0.6577988000000019
3897960,Pulsating,16,68,68,0.011191195801316667,0.04815442300218144,16.6244888,0.6672878000000004
3897960,Pulsating,17,68,68,0.010917615726338425,0.04800509553875211,16.6270733,0.6492062000000018
3897960,Pulsating,18,68,68,0.011072184279754538,0.0462065712670972,16.62599755,0.6464232999999986
3897960,Pulsating,19,68,68,0.010639573595369711,0.04674085696450973,16.6270733,0.6672878000000004
3897960,Pulsating,20,68,68,0.009374788665866163,0.0487810457166663,16.62577055,0.6577988000000019
9088982,Pulsating,0,944,20,,0.039494491666044754,13.923514350000001,1.0665188000000008
9088982,Pulsating,1,20,20,0.0015527090545219835,0.019452971002891842,13.90718175,0.19279569999999957
9088982,Pulsating,2,20,20,0.0016242305855485029,0.021370124039290686,13.90442465,0.1842764999999993
9088982,Pulsating,3,20,20,0.0009666940259194234,0.015824443621587678,13.8927169,0.18818279999999987
9088982,Pulsating,4,20,20,0.0018018807932094205,0.011851205927282536,13.877319799999999,0.14288989999999835
9088982,Pulsating,5,20,20,0.0017964974595088279,0.027068203132343625,13.8982496,0.19279569999999957
9088982,Pulsating,6,20,20,0.0012489348446251824,0.033154537563355395,13.876607450000002,0.23518660000000047
9088982,Pulsating,7,20,20,0.0009120915997300472,0.022918156284269534,13.9145145,0.1967630000000007
9088982,Pulsating,8,20,20,0.0011451133266291436,0.03656147620978641,13.9013114,0.2787322999999997
9088982,Pulsating,9,20,20,0.0014188945615387638,0.016882875806116422,13.88321685,0.1772355999999995
9088982,Pulsating,10,20,20,0.001742664014273032,0.028388457419432946,13.896250250000001,0.2542334000000004
9088982,Pulsating,11,20,20,0.001409666031577217,0.015095133215279543,13.8891225,0.15977759999999996
9088982,Pulsating,12,20,20,0.001313534969540342,0.01480419783806055,13.899715400000002,0.15397649999999885
9088982,Pulsating,13,20,20,0.001693444935426669,0.016364175697938237,13.908251750000002,0.1319618000000009
9088982,Pulsating,14,20,20,0.001277389618280722,0.01714221118674813,13.8811798,0.1842764999999993
9088982,Pulsating,15,20,20,0.0015165637150857947,0.019577279523213746,13.891603,0.1676062999999992
9088982,Pulsating,16,20,20,0.0011674156871777086,0.014441164633201903,13.9145145,0.12556170000000044
9088982,Pulsating,17,20,20,0.001445811254598084,0.01553726127507337,13.894215599999999,0.12759009999999904
9088982,Pulsating,18,20,20,0.0011481894325697795,0.015883401312714762,13.892444600000001,0.15685080000000085
9088982,Pulsating,19,20,20,0.0016519163555130945,0.022970575273830694,13.91440915,0.19610109999999992
9088982,Pulsating,20,20,20,0.0017934212210093392,0.01813927635882708,13.91789675,0.1591156999999992
43606826,Pulsating,0,718,21,,0.13972140220168525,17.604394,1.2953167000000008
43606826,Pulsating,1,21,21,0.0015812791657765501,0.03878991797203699,17.529789,0.9625702000000018
43606826,Pulsating,2,21,21,0.0012670855948044846,0.03670589962179127,17.5754356,0.9332161000000028
43606826,Pulsating,3,21,21,0.0013234948660283408,0.0361665812729414,17.6004829,0.7304077000000007
43606826,Pulsating,4,21,21,0.0014808949247253622,0.04913689085314834,17.6036263,0.8622703999999999
43606826,Pulsating,5,21,21,0.001696827170690085,0.05015479021757204,17.6481094,1.0539608000000023
43606826,Pulsating,6,21,21,0.001243581732524035,0.048300858552255965,17.6481094,0.7805175999999996
43606826,Pulsating,7,21,21,0.001696827170690085,0.05735064919883109,17.600563,0.9563389000000022
43606826,Pulsating,8,21,21,0.0022013261907432025,0.05215130760614615,17.6004829,0.9452151999999998
43606826,Pulsating,9,21,21,0.001425395479600411,0.04002991253767515,17.6481094,0.8457526999999985
43606826,Pulsating,10,21,21,0.0014763457891007192,0.05454841357361021,17.5571136,1.0539608000000023
43606826,Pulsating,11,21,21,0.0017579372165528184,0.04536947918566675,17.5754356,1.0539608000000023
43606826,Pulsating,12,21,21,0.001319249017342372,0.041021389470444175,17.5926151,0.9460525000000004
43606826,Pulsating,13,21,21,0.0013001426491427992,0.04131123095022409,17.608387,0.895046200000003
43606826,Pulsating,14,21,21,0.001696827170690085,0.05223756063671106,17.6206245,0.9004040000000018
43606826,Pulsating,15,21,21,0.0014029530839252402,0.04116951227920562,17.4957886,0.7742253000000012
43606826,Pulsating,16,21,21,0.001319249017342372,0.03721084109200839,17.5917854,0.9398212000000008
43606826,Pulsating,17,21,21,0.0009607772076378751,0.048947531520454474,17.5634117,0.8457526999999985
43606826,Pulsating,18,21,21,0.0013234948660283408,0.04714870901130255,17.5377312,1.008800500000003
43606826,Pulsating,19,21,21,0.0012670855948044846,0.055152745643750514,17.656271,0.7938633000000017
43606826,Pulsating,20,21,21,0.0012670855948044846,0.04218790917389849,17.6036263,1.0374431000000008
6885262,Pulsating,0,851,32,,0.03059394333937648,15.2298889,0.8812227000000004
6885262,Pulsating,1,32,32,0.0018100550655617553,0.02268701550262369,15.24936485,0.7035149999999994
6885262,Pulsating,2,32,32,0.00150268420577504,0.034385160863681895,15.25343275,0.6930140999999992
6885262,Pulsating,3,32,32,0.0017202180727053928,0.03210640450676047,15.228775,0.705188699999999
6885262,Pulsating,4,32,32,0.00182914543302104,0.02241386875679027,15.2557907,0.6975689000000003
6885262,Pulsating,5,32,32,0.001891229216425927,0.0199734611889936,15.27059605,0.6963967999999987
6885262,Pulsating,6,32,32,0.00170048602971562,0.018212425387864908,15.25829075,0.6895609
6885262,Pulsating,7,32,32,0.0014277665547979268,0.01782330761769753,15.250758650000002,0.6793355999999999
6885262,Pulsating,8,32,32,0.0012399109970147038,0.01871270969076388,15.24573185,0.6988611000000002
6885262,Pulsating,9,32,32,0.0015545008893695922,0.0374247774820018,15.2174926,0.6713514000000007
6885262,Pulsating,10,32,32,0.001952992154215849,0.030859399166713396,15.2793193,0.7031869999999998
6885262,Pulsating,11,32,32,0.0012833856876568461,0.04332834275280599,15.227366,0.7031869999999998
6885262,Pulsating,12,32,32,0.0014904920557228252,0.03154041638652809,15.23254915,0.7102145999999987
6885262,Pulsating,13,32,32,0.001684122856090653,0.02036726407016249,15.25985005,0.7031869999999998
6885262,Pulsating,14,32,32,0.0012691080112290365,0.02151570490195143,15.240699800000002,0.7035149999999994
6885262,Pulsating,15,32,32,0.0018756681640752504,0.03394023874850582,15.265050899999999,0.7018307999999998
6885262,Pulsating,16,32,32,0.0016818769139490541,0.03858545896454326,15.23662185,0.6895609
6885262,Pulsating,17,32,32,0.0015007591255589148,0.02869120612453983,15.26819085,0.7102145999999987
6885262,Pulsating,18,32,32,0.0012896421847017336,0.04317328961960473,15.232852950000002,0.7018307999999998
6885262,Pulsating,19,32,32,0.0018721388589710841,0.02107774015772749,15.2599993,0.6897105999999997
6885262,Pulsating,20,32,32,0.001683641582076234,0.03495972477917888,15.24838115,0.6793355999999999
60504463,Pulsating,0,846,22,,0.12889734024812546,14.1165667,1.212833400000001
60504463,Pulsating,1,22,22,0.0015704384042720676,0.06525707151570198,14.11582995,1.0466556999999987
60504463,Pulsating,2,22,22,0.0012776011734985104,0.07476374790725804,14.11836815,0.9959364000000015
60504463,Pulsating,3,22,22,0.0013868714492417666,0.0544640983756319,14.1096792,1.0639725000000002
60504463,Pulsating,4,22,22,0.001740513014908629,0.06253760550666722,14.1440387,0.9716997000000003
60504463,Pulsating,5,22,22,0.001496319258311063,0.07131747161514197,14.0911231,1.0450087000000003
60504463,Pulsating,6,22,22,0.0015830430990604327,0.07125261953660209,14.1402826,1.0358991999999994
60504463,Pulsating,7,22,22,0.002050659512860875,0.05236421678983745,14.11776875,1.0191717000000011
60504463,Pulsating,8,22,22,0.001525434321941077,0.07017219741050384,14.10721015,1.0403699999999994
60504463,Pulsating,9,22,22,0.0016377226170618542,0.070554832665479,14.110471700000002,0.9880753000000002
60504463,Pulsating,10,22,22,0.0016021276722497646,0.06376204917582697,14.161900500000002,0.9743576000000012
60504463,Pulsating,11,22,22,0.0018740162576804664,0.06459309434717622,14.08364725,0.9855271000000005
60504463,Pulsating,12,22,22,0.0014684468983432453,0.04799838793725087,14.1281333,0.9296837
60504463,Pulsating,13,22,22,0.0012726303138350659,0.04454161328813477,14.079637550000001,0.9577570000000009
60504463,Pulsating,14,22,22,0.0014266383689403028,0.05071183376399965,14.10343885,1.0450172000000002
60504463,Pulsating,15,22,22,0.0011066389102438734,0.05144739365900575,14.110471700000002,0.9204368000000009
60504463,Pulsating,16,22,22,0.0015231264163446667,0.07475722615470679,14.1314764,0.9916153000000012
60504463,Pulsating,17,22,22,0.0012444028935192364,0.07240145417643427,14.12850615,0.9834462000000013
60504463,Pulsating,18,22,22,0.001933311579364272,0.07118549370962646,14.09686615,1.0639725000000002
60504463,Pulsating,19,22,22,0.0009063840539340617,0.035232377418616984,14.0872922,1.0702581999999996
60504463,Pulsating,20,22,22,0.0014558422035548801,0.05066003888275507,14.09889505,1.0450172000000002
10781693,Pulsating,0,3366,28,,0.5490125379005264,17.1615629,2.5137663000000003
10781693,Pulsating,1,28,28,0.0003482475872829127,0.1747217825451823,17.105134,1.7132702000000002
10781693,Pulsating,2,28,28,0.00033989396126798965,0.30162734628909293,17.192997,2.091977100000001
10781693,Pulsating,3,28,28,0.0003597450537995428,0.2428378243456295,17.0773649,1.8752995000000006
10781693,Pulsating,4,28,28,0.00043411931824266503,0.1938144569267094,17.0430813,1.7093315000000011
10781693,Pulsating,5,28,28,0.0003667513286700341,0.32845573631613184,17.0723028,1.8377723999999986
10781693,Pulsating,6,28,28,0.0004056451145970641,0.26756781648543254,17.4795303,2.093149200000001
10781693,Pulsating,7,28,28,0.0003195039152501522,0.31756720633169655,17.0902872,1.6461697000000015
10781693,Pulsating,8,28,28,0.0003667513286700341,0.22336869955447855,17.792563450000003,2.093149200000001
10781693,Pulsating,9,28,28,0.00033387575660981383,0.2407644768432095,17.4660101,2.091977100000001
10781693,Pulsating,10,28,28,0.0002938142538830846,0.3133048082506219,17.110923749999998,1.7296161999999988
10781693,Pulsating,11,28,28,0.00029004164351675854,0.2835020082483986,17.1523666,1.9466332999999985
10781693,Pulsating,12,28,28,0.00035678086840107426,0.2856012107665832,17.72502325,1.7990570000000012
10781693,Pulsating,13,28,28,0.00028348449869852743,0.28107245390993835,17.14474775,2.002319400000001
10781693,Pulsating,14,28,28,0.0003195039152501522,0.3144465509525836,17.728607150000002,1.6993332000000017
10781693,Pulsating,15,28,28,0.0004432813640278255,0.2742525921758719,17.41457365,1.7150554999999983
10781693,Pulsating,16,28,28,0.0004248674466658109,0.2852357415938048,17.73724935,2.0428342000000015
10781693,Pulsating,17,28,28,0.00039019538280626875,0.237225164263136,17.72741315,1.7136096999999992
10781693,Pulsating,18,28,28,0.00034384621159233575,0.28227690207168277,17.0773649,1.9409379999999992
10781693,Pulsating,19,28,28,0.0003738474187571228,0.38482351069395293,17.75138185,1.7604197999999975
10781693,Pulsating,20,28,28,0.00043411931824266503,0.19212869712732125,17.156836499999997,2.0864821000000013
7437296,rotational star,0,793,52,,0.06554894481306281,16.4180489,0.721063700000002
7437296,rotational star,1,52,52,0.0018964774590060074,0.056729289344713586,16.40317345,0.30991750000000096
7437296,rotational star,2,52,52,0.0020177884200052176,0.06094644790782409,16.40757465,0.32807539999999946
7437296,rotational star,3,52,52,0.0015160944707872659,0.06179431334713558,16.4137974,0.3310700000000004
7437296,rotational star,4,52,52,0.0022481932095104185,0.055643611383071,16.41813565,0.2778911999999991
7437296,rotational star,5,52,52,0.0017502504375492833,0.05379173837621667,16.412700649999998,0.27201080000000033
7437296,rotational star,6,52,52,0.001672370519429478,0.044563001695802545,16.40502645,0.2766762000000007
7437296,rotational star,7,52,52,0.0019313737176389623,0.049962702364705826,16.404616349999998,0.29782870000000017
7437296,rotational star,8,52,52,0.0015373970218206523,0.0578188825140866,16.41597365,0.29782870000000017
7437296,rotational star,9,52,52,0.002208547751649803,0.0592045310706353,16.409347500000003,0.3310700000000004
7437296,rotational star,10,52,52,0.0017086089433107077,0.04999307849979854,16.415208800000002,0.22771080000000055
7437296,rotational star,11,52,52,0.0019553605943656294,0.06245773047555931,16.414176949999998,0.2996426000000021
7437296,rotational star,12,52,52,0.001673024393085143,0.05038337942925697,16.413667699999998,0.32807539999999946
7437296,rotational star,13,52,52,0.0022322937283547617,0.045876441610416846,16.41514395,0.2974205000000012
7437296,rotational star,14,52,52,0.0018837441105006292,0.053761621189939435,16.4152069,0.2778911999999991
7437296,rotational star,15,52,52,0.0020908158979722202,0.04839722750172042,16.4121399,0.21960639999999998
7437296,rotational star,16,52,52,0.0023690567770415782,0.059831137605336725,16.414163600000002,0.27054589999999834
7437296,rotational star,17,52,52,0.002417409088486977,0.05613969638785575,16.415208800000002,0.30722430000000145
7437296,rotational star,18,52,52,0.0015993774577580666,0.048153288156849966,16.4150181,0.27902990000000116
7437296,rotational star,19,52,52,0.002038850066753639,0.03727169065101626,16.42658615,0.22216029999999876
7437296,rotational star,20,52,52,0.0016035071901967513,0.051665890088296876,16.4186306,0.2660026000000002
4165556,rotational star,0,1893,21,,0.057838442005899986,17.1958084,0.6352691999999998
4165556,rotational star,1,21,21,0.0007468816406799306,0.03974967498266077,17.170372,0.21191789999999955
4165556,rotational star,2,21,21,0.0007915807336758007,0.026894517715484508,17.1748161,0.1391582999999983
4165556,rotational star,3,21,21,0.000572419609170538,0.03670945518365039,17.1736641,0.17330170000000322
4165556,rotational star,4,21,21,0.000646647239932463,0.036201594993615874,17.17099,0.21191789999999955
4165556,rotational star,5,21,21,0.0004892521682080542,0.03444972332551143,17.1869144,0.2515412000000019
4165556,rotational star,6,21,21,0.000646647239932463,0.028030665301701053,17.2003174,0.19613080000000238
4165556,rotational star,7,21,21,0.0007563632580058766,0.045445814343994,17.1748161,0.2071360999999996
4165556,rotational star,8,21,21,0.0008809789969745907,0.042597461739009,17.1841927,0.2403088000000011
4165556,rotational star,9,21,21,0.0009205309384014981,0.03741965555653012,17.1834126,0.18178749999999866
4165556,rotational star,10,21,21,0.0009606246854900746,0.03824111546083892,17.1732101,0.24334340000000054
4165556,rotational star,11,21,21,0.0007425471567330533,0.039051048944338536,17.1701698,0.2175730999999992
4165556,rotational star,12,21,21,0.0007425471567330533,0.028451368029641797,17.1884422,0.13604729999999776
4165556,rotational star,13,21,21,0.0005583326094438235,0.0410253067043824,17.1841927,0.19911189999999834
4165556,rotational star,14,21,21,0.0006339147766993847,0.03818772671482275,17.1899433,0.3740005999999987
4165556,rotational star,15,21,21,0.0007132895784707216,0.03898410352605491,17.18787,0.4074592999999993
4165556,rotational star,16,21,21,0.0007688248299473344,0.037979871205344316,17.1783028,0.4074592999999993
4165556,rotational star,17,21,21,0.0003562384217730141,0.03368617663065723,17.1852875,0.3459033999999974
4165556,rotational star,18,21,21,0.0006035735500518058,0.036985097493032186,17.2073326,0.19806290000000004
4165556,rotational star,19,21,21,0.0008322163039338193,0.03545091795567377,17.1826725,0.20012849999999816
4165556,rotational star,20,21,21,0.0008630993271481202,0.0393774274195156,17.1656723,0.21359059999999985
59051013,rotational star,0,1032,20,,0.06001215040971182,14.0381622,1.5099172999999997
59051013,rotational star,1,20,20,0.0016934582706085166,0.02577407079934291,14.0437274,1.2470225999999993
59051013,rotational star,2,20,20,0.00159697818571658,0.04865793275384225,14.038185599999998,0.3335885999999988
59051013,rotational star,3,20,20,0.0010652300412630211,0.06171557097582178,14.03692675,0.3968688
59051013,rotational star,4,20,20,0.0013163190616580778,0.044720611411127036,14.05011795,0.34296609999999994
59051013,rotational star,5,20,20,0.001551740102265775,0.029733683148227476,14.043819899999999,0.12124060000000014
59051013,rotational star,6,20,20,0.0016106555617971807,0.041962333882071046,14.04719355,0.2914829000000001
59051013,rotational star,7,20,20,0.0009870025107545644,0.05382218259809891,14.03009085,1.5099172999999997
59051013,rotational star,8,20,20,0.0017438494510697566,0.029201191471805506,14.04770665,1.235317199999999
59051013,rotational star,9,20,20,0.0012894940672367738,0.021147958924986724,14.041111,0.08200839999999943
59051013,rotational star,10,20,20,0.001285673391180353,0.06816538158305037,14.05011795,0.4070596999999996
59051013,rotational star,11,20,20,0.0009219547057313093,0.027381584707470045,14.0354724,0.15354250000000036
59051013,rotational star,12,20,20,0.0013969706336354193,0.06251151852240303,14.04823735,0.5964832999999992
59051013,rotational star,13,20,20,0.0014057036071619677,0.03114357275428003,14.03975535,0.1399050000000006
59051013,rotational star,14,20,20,0.0018160409549476952,0.04431087345209601,14.018955250000001,0.3335885999999988
59051013,rotational star,15,20,20,0.0013969706336354193,0.02618018252566557,14.0593128,0.17677310000000013
59051013,rotational star,16,20,20,0.0018033909868790943,0.037244927793704335,14.03930235,1.2240982000000002
59051013,rotational star,17,20,20,0.0015689973567294402,0.028849600830272045,14.03975535,0.10947030000000169
59051013,rotational star,18,20,20,0.001408095543000698,0.02273927009677904,14.045086900000001,0.10097600000000106
59051013,rotational star,19,20,20,0.0016009112342665333,0.05932569456721102,14.0469189,0.3968688
59051013,rotational star,20,20,20,0.0014943497024262342,0.06232645795776129,14.0493393,0.4187670000000008
4989912,rotational star,0,623,21,,0.06127687877850347,15.5820179,1.1545935000000007
4989912,rotational star,1,21,21,0.0021475760777889263,0.029985006967224816,15.5841665,0.16875839999999975
4989912,rotational star,2,21,21,0.0026774509774440958,0.030754730357831408,15.5803909,0.12211229999999951
4989912,rotational star,3,21,21,0.002112067577400012,0.031134445247211512,15.5873051,0.14984800000000043
4989912,rotational star,4,21,21,0.002340670747855711,0.03597289589170619,15.5779648,0.1688174999999994
4989912,rotational star,5,21,21,0.002112067577400012,0.04193854320593752,15.5814304,0.17506599999999928
4989912,rotational star,6,21,21,0.0020237092176103033,0.030441184598373815,15.585988,0.15430169999999954
4989912,rotational star,7,21,21,0.002116058842602797,0.04251879296498626,15.5840034,0.15603739999999888
4989912,rotational star,8,21,21,0.001927093063159191,0.03552276999385312,15.5807028,0.1905260000000002
4989912,rotational star,9,21,21,0.0026774509774440958,0.03146182866046066,15.5841665,0.1283607999999994
4989912,rotational star,10,21,21,0.001720097781117147,0.03728143198532021,15.58986,0.17506599999999928
4989912,rotational star,11,21,21,0.002112067577400012,0.030802357435831134,15.5873175,0.14101499999999945
4989912,rotational star,12,21,21,0.0013712061306705436,0.03281604493325022,15.5846891,0.18755630000000068
4989912,rotational star,13,21,21,0.001927093063159191,0.023932493053663434,15.5777187,0.20021820000000012
4989912,rotational star,14,21,21,0.002031554115092149,0.01975968469476688,15.5873051,0.12480650000000004
4989912,rotational star,15,21,21,0.0018783721047839208,0.03651717979905784,15.5779648,0.15999030000000047
4989912,rotational star,16,21,21,0.001977190333263934,0.02939642217369974,15.5846891,0.1364946000000007
4989912,rotational star,17,21,21,0.002408797522775785,0.031679389708936245,15.5773096,0.1920099999999998
4989912,rotational star,18,21,21,0.002064447656266566,0.032271254127073754,15.598896,0.1333713999999997
4989912,rotational star,19,21,21,0.0019372776755517407,0.028425688780031558,15.5841665,0.15603739999999888
4989912,rotational star,20,21,21,0.0013712061306705436,0.032342130869241204,15.5887737,0.18528749999999938
63435677,rotational star,0,1001,21,,0.04949434684016815,13.7024746,1.0531979000000007
63435677,rotational star,1,21,21,0.0010487835496029163,0.029238401366481197,13.7115602,0.1138344
63435677,rotational star,2,21,21,0.001057517624589721,0.09210711112927257,13.6991558,0.6710910999999999
63435677,rotational star,3,21,21,0.0013791026286469332,0.020660972153617733,13.713315,0.0731515999999992
63435677,rotational star,4,21,21,0.001236553198623369,0.044389798817034025,13.6966829,0.23329829999999951
63435677,rotational star,5,21,21,0.001057517624589721,0.02433485098184392,13.7007742,0.0910883000000009
63435677,rotational star,6,21,21,0.000841379079339788,0.027659018873508637,13.7170162,0.14521790000000045
63435677,rotational star,7,21,21,0.0010796767758227688,0.09000423977758762,13.7035303,0.6507626000000002
63435677,rotational star,8,21,21,0.001232074717719911,0.05770984821845981,13.695528,0.2980956999999993
63435677,rotational star,9,21,21,0.0010535937703188836,0.0475616064107805,13.713315,0.23850339999999903
63435677,rotational star,10,21,21,0.001236553198623369,0.025236482286892133,13.7024746,0.09055139999999895
63435677,rotational star,11,21,21,0.0014240377587739772,0.0267960819874573,13.6938457,0.11285589999999956
63435677,rotational star,12,21,21,0.0012868220754143067,0.028428495148922577,13.6931686,0.13199520000000042
63435677,rotational star,13,21,21,0.001236553198623369,0.025564450589183364,13.6947556,0.1261530000000004
63435677,rotational star,14,21,21,0.001564503451334076,0.04373865125455284,13.7122288,0.24976159999999936
63435677,rotational star,15,21,21,0.0011763269583440206,0.02809238079728189,13.6999102,0.11663820000000058
63435677,rotational star,16,21,21,0.0011763269583440206,0.02671307440969644,13.711463,0.09327129999999961
63435677,rotational star,17,21,21,0.0007617979221095084,0.054982019688185384,13.6931686,0.2980956999999993
63435677,rotational star,18,21,21,0.0006635512438037949,0.13553121880805036,13.6947556,0.6427107000000003
63435677,rotational star,19,21,21,0.001083776866994235,0.03979269607124355,13.7139273,0.200702699999999
63435677,rotational star,20,21,21,0.0009963065337319499,0.1192758581791517,13.6955252,0.6505279999999996
8082471,rotational star,0,910,30,,0.05363381828777331,16.0369301,0.6433372999999989
8082471,rotational star,1,30,30,0.0015710781679700858,0.045813653948091025,16.04032135,0.21758270000000124
8082471,rotational star,2,30,30,0.001884894986929453,0.0431551220997476,16.0473032,0.2178249000000001
8082471,rotational star,3,30,30,0.0014954095913282117,0.037503752941571405,16.051698700000003,0.23453710000000072
8082471,rotational star,4,30,30,0.0014454966420345272,0.03587494418924657,16.0257797,0.18774029999999797
8082471,rotational star,5,30,30,0.0014293308755970457,0.052136620200065716,16.0559044,0.23477929999999958
8082471,rotational star,6,30,30,0.0015710781679700858,0.0390341366655302,16.0549803,0.16011050000000004
8082471,rotational star,7,30,30,0.0015463271929565536,0.047720060869024576,16.0695858,0.2371483000000012
8082471,rotational star,8,30,30,0.001992194887009191,0.04144624711354656,16.0456276,0.20818710000000173
8082471,rotational star,9,30,30,0.00183619979910854,0.044085179167603294,16.04297065,0.19907380000000074
8082471,rotational star,10,30,30,0.001159109876212483,0.034603051776658754,16.037778850000002,0.1424504000000013
8082471,rotational star,11,30,30,0.00228891739539705,0.049414362576395324,16.032888399999997,0.2541027000000007
8082471,rotational star,12,30,30,0.001963257859664891,0.032690911552873916,16.044776900000002,0.15313619999999872
8082471,rotational star,13,30,30,0.0017359476849065913,0.03298088328247889,16.04198075,0.23453710000000072
8082471,rotational star,14,30,30,0.0011734185582881196,0.04192647821910045,16.041503900000002,0.21712199999999982
8082471,rotational star,15,30,30,0.0015620058547369808,0.04123830227890138,16.040160200000003,0.1592072999999985
8082471,rotational star,16,30,30,0.00173900730729315,0.03408717533418783,16.042896300000002,0.20603559999999987
8082471,rotational star,17,30,30,0.0015620058547369808,0.04561183534159561,16.0529499,0.23477929999999958
8082471,rotational star,18,30,30,0.0012213983121682759,0.03195142746706698,16.045948000000003,0.21416659999999865
8082471,rotational star,19,30,30,0.0018630057454629423,0.042251638912273425,16.05251505,0.19907380000000074
8082471,rotational star,20,30,30,0.001884894986929453,0.04133174382124341,16.035947800000002,0.1469250000000013
3564690,rotational star,0,754,26,,0.03252107716922379,16.5445261,0.6331462999999999
3564690,rotational star,1,26,26,0.001966899716762782,0.02545792588660288,16.549253450000002,0.42612839999999963
3564690,rotational star,2,26,26,0.0019736165301944553,0.019995865255908057,16.53986165,0.09296420000000083
3564690,rotational star,3,26,26,0.0018310467419269116,0.019733594770416342,16.550130799999998,0.08262260000000055
3564690,rotational star,4,26,26,0.0024541503795489916,0.0133585969376988,16.5532646,0.04830169999999967
3564690,rotational star,5,26,26,0.002369171854894603,0.022695645947854243,16.539716749999997,0.42612839999999963
3564690,rotational star,6,26,26,0.001714824197449616,0.02587351118381327,16.545546549999997,0.21223830000000277
3564690,rotational star,7,26,26,0.0022869667211580236,0.02369989094796273,16.540576899999998,0.11814500000000194
3564690,rotational star,8,26,26,0.0019067517307860271,0.01694452114856413,16.54211995,0.07331849999999918
3564690,rotational star,9,26,26,0.0023413079096599176,0.02186607759077205,16.54741955,0.09405140000000145
3564690,rotational star,10,26,26,0.0014769623238777285,0.0188426522433183,16.550034500000002,0.08087349999999915
3564690,rotational star,11,26,26,0.0019202286926267575,0.021633820892328445,16.5461769,0.09296420000000083
3564690,rotational star,12,26,26,0.0019357857017325841,0.01884691291984829,16.536582,0.08309179999999827
3564690,rotational star,13,26,26,0.0022763498214004585,0.01961796083018964,16.54217245,0.09076690000000198
3564690,rotational star,14,26,26,0.002501124738579108,0.017482615022526155,16.54100035,0.08309179999999827
3564690,rotational star,15,26,26,0.0025282086666038595,0.024782127042766264,16.5451393,0.4124812999999996
3564690,rotational star,16,26,26,0.002510874952406539,0.023212058919228,16.5496063,0.08768469999999695
3564690,rotational star,17,26,26,0.002139153485558154,0.02694688327459058,16.551425899999998,0.42246430000000146
3564690,rotational star,18,26,26,0.0022038949025500187,0.018656345695130517,16.5436611,0.07487489999999752
3564690,rotational star,19,26,26,0.002770793976255348,0.018035354696415064,16.53556155,0.10402679999999975
3564690,rotational star,20,26,26,0.002223742004446194,0.015676977528681378,16.5426769,0.06687360000000098
3874759,rotational star,0,958,26,,0.04474524515662314,15.4498324,0.8752680000000002
3874759,rotational star,1,26,26,0.0012407843728396983,0.028938151238032252,15.4559393,0.1916208000000008
3874759,rotational star,2,26,26,0.0009513359767652219,0.03084078022123186,15.46524475,0.2264146999999994
3874759,rotational star,3,26,26,0.0012046761221427005,0.054534310925849774,15.4557419,0.39515119999999904
3874759,rotational star,4,26,26,0.0013837614168323853,0.025283588671889866,15.463916300000001,0.16670799999999986
3874759,rotational star,5,26,26,0.0010314147653502914,0.02705526732900115,15.4611683,0.21917529999999985
3874759,rotational star,6,26,26,0.0010177285756753918,0.041105912506033855,15.467992299999999,0.3547039000000005
3874759,rotational star,7,26,26,0.0009513359767652219,0.055975801326124355,15.456058500000001,0.37983039999999946
3874759,rotational star,8,26,26,0.0012931995920553163,0.02914968810757078,15.4674215,0.16980640000000058
3874759,rotational star,9,26,26,0.0011720622087523225,0.03505154373451029,15.4611664,0.3396959000000006
3874759,rotational star,10,26,26,0.0011295476654140657,0.05283787098585445,15.4641166,0.37303069999999927
3874759,rotational star,11,26,26,0.0010133606504041381,0.0188160747176502,15.4650512,0.12649060000000034
3874759,rotational star,12,26,26,0.001379975885811291,0.023924259871492166,15.467856399999999,0.18242260000000066
3874759,rotational star,13,26,26,0.0013083417538837239,0.03638561512167253,15.457222,0.3550739000000007
3874759,rotational star,14,26,26,0.000972010847135607,0.04154335651350939,15.467393399999999,0.34693530000000017
3874759,rotational star,15,26,26,0.001219818283971108,0.02588664290380136,15.4556656,0.18429750000000134
3874759,rotational star,16,26,26,0.001207005696073793,0.024299299475466433,15.465148450000001,0.1898175000000002
3874759,rotational star,17,26,26,0.0014743232268301654,0.05315612148279713,15.4610901,0.37840079999999965
3874759,rotational star,18,26,26,0.0012509762161698745,0.027396597434856514,15.46132615,0.2403841
3874759,rotational star,19,26,26,0.0013394996930173875,0.030253627478723878,15.46543695,0.241735499999999
3874759,rotational star,20,26,26,0.0012369988353384542,0.03216173834659122,15.4558611,0.241735499999999
58800074,rotational star,0,597,23,,0.030627258839878657,13.5323954,0.7277155000000004
58800074,rotational star,1,23,23,0.0018884515416175418,0.02121293599646928,13.5343933,0.2215681000000007
58800074,rotational star,2,23,23,0.0018299086782462837,0.013034826227860931,13.5400743,0.1223421000000009
58800074,rotational star,3,23,23,0.0013979331441618115,0.024708022536018687,13.5332956,0.15551950000000048
58800074,rotational star,4,23,23,0.001907965857299132,0.031287572937789596,13.5364857,0.21273519999999912
58800074,rotational star,5,23,23,0.001678525052511759,0.016562251003187433,13.5343933,0.14276410000000084
58800074,rotational star,6,23,23,0.0020699936435448762,0.01222686308409039,13.5363369,0.09919350000000016
58800074,rotational star,7,23,23,0.0017985675250429267,0.011289671605421067,13.5400743,0.10425470000000026
58800074,rotational star,8,23,23,0.002165791081097268,0.021860968828574308,13.5343933,0.19135290000000005
58800074,rotational star,9,23,23,0.0013979331441618115,0.022697855133330926,13.5269756,0.11897749999999974
58800074,rotational star,10,23,23,0.0016980393537835425,0.011209586946432343,13.5364857,0.10470959999999963
58800074,rotational star,11,23,23,0.002027416992604003,0.01288057786785007,13.5364857,0.11496160000000089
58800074,rotational star,12,23,23,0.0017985675250429267,0.03173225510144311,13.5273046,0.21273519999999912
58800074,rotational star,13,23,23,0.0025661297991064203,0.011036606818433416,13.541091,0.09908579999999922
58800074,rotational star,14,23,23,0.001372505432300386,0.01325165964291761,13.541091,0.09015459999999997
58800074,rotational star,15,23,23,0.0023653691034724034,0.021391389636125385,13.5399809,0.21179290000000073
58800074,rotational star,16,23,23,0.001907965857299132,0.023999524783677832,13.535471,0.18577769999999916
58800074,rotational star,17,23,23,0.0023653691034724034,0.012749751667963828,13.5399809,0.12093639999999972
58800074,rotational star,18,23,23,0.001678525052511759,0.028265936925233895,13.5327721,0.21609980000000029
58800074,rotational star,19,23,23,0.0022707543298565724,0.021898932324873017,13.5424051,0.2145147000000005
58800074,rotational star,20,23,23,0.001907965857299132,0.024603815678141735,13.5274429,0.24657820000000008
6427086,rotational star,0,789,20,,0.07490437466381328,17.3002815,0.5988387999999993
6427086,rotational star,1,20,20,0.0013762928269329677,0.03562566873144736,17.29646685,0.2452469000000015
6427086,rotational star,2,20,20,0.0011504460431410735,0.05637528489827463,17.2975464,0.31306840000000236
6427086,rotational star,3,20,20,0.0018214979761523864,0.03562821456290576,17.289166450000003,0.22964860000000087
6427086,rotational star,4,20,20,0.0019789311878071203,0.029631322216684738,17.2884922,0.2051563000000023
6427086,rotational star,5,20,20,0.00130627497713931,0.029358832744033992,17.3072548,0.21582409999999896
6427086,rotational star,6,20,20,0.001375472863401228,0.04189733811621287,17.30840115,0.2803077000000016
6427086,rotational star,7,20,20,0.0016614622702491033,0.03608081347297691,17.30938245,0.19825739999999925
6427086,rotational star,8,20,20,0.001344635061172994,0.03963121609754129,17.30840115,0.22989080000000328
6427086,rotational star,9,20,20,0.0013077010024176161,0.03454402222400233,17.3003788,0.22565080000000037
6427086,rotational star,10,20,20,0.0012728703267725905,0.030592832643295723,17.286699300000002,0.14414209999999983
6427086,rotational star,11,20,20,0.0010668096481936118,0.04440895835604318,17.293153750000002,0.22085949999999954
6427086,rotational star,12,20,20,0.0015168276364647681,0.04390620699090794,17.289166450000003,0.2515679000000013
6427086,rotational star,13,20,20,0.0012728703267725905,0.054511555003752876,17.312274000000002,0.2607116000000005
6427086,rotational star,14,20,20,0.001234973701571107,0.04418818654260943,17.31474685,0.2607116000000005
6427086,rotational star,15,20,20,0.0013391805141660384,0.030041902093671594,17.28893755,0.23648640000000043
6427086,rotational star,16,20,20,0.00130627497713931,0.050863400131855176,17.3040972,0.2729873999999981
6427086,rotational star,17,20,20,0.0017849204226649817,0.02470590006397804,17.289976099999997,0.13955299999999937
6427086,rotational star,18,20,20,0.0014789310112632847,0.04163322524040423,17.3174391,0.2729873999999981
6427086,rotational star,19,20,20,0.0016661325030564167,0.031753703392778145,17.298493399999998,0.2803572999999986
6427086,rotational star,20,20,20,0.0011406777703086846,0.032341753297393784,17.31417945,0.21122740000000206
17173082,rotational star,0,966,25,,0.04968997328591015,15.9629097,0.537199900000001
17173082,rotational star,1,25,25,0.0011486359095016496,0.035461651613445576,15.9591999,0.17108919999999905
17173082,rotational star,2,25,25,0.0011486359095016496,0.04555929375433044,15.9535828,0.19771379999999894
17173082,rotational star,3,25,25,0.0009184545431253355,0.043742023672226904,15.9474516,0.2107486999999999
17173082,rotational star,4,25,25,0.0011745850588944506,0.04027728290462929,15.961359,0.1749648999999991
17173082,rotational star,5,25,25,0.0008568669456963107,0.04562250636421308,15.961359,0.2006673999999986
17173082,rotational star,6,25,25,0.0011912688184736453,0.0341433508133417,15.96099,0.1910085999999982
17173082,rotational star,7,25,25,0.000793432326815946,0.041733061496457995,15.9483719,0.31350709999999893
17173082,rotational star,8,25,25,0.0009994207318868575,0.04488269714331124,15.9759312,0.3220062999999982
17173082,rotational star,9,25,25,0.0009184545431253355,0.03893414599887055,15.9594612,0.19106489999999887
17173082,rotational star,10,25,25,0.0011486359095016496,0.03857669078249121,15.9640684,0.18250939999999893
17173082,rotational star,11,25,25,0.0010622194895972825,0.029371935987792825,15.9477005,0.14087870000000002
17173082,rotational star,12,25,25,0.0011667730619393524,0.03248611891213874,15.9468498,0.17229269999999985
17173082,rotational star,13,25,25,0.0011745850588944506,0.03985452468710313,15.9594612,0.21143539999999916
17173082,rotational star,14,25,25,0.0011486359095016496,0.038088153366740075,15.9514656,0.17093749999999908
17173082,rotational star,15,25,25,0.0008248922643403489,0.038389353336478665,15.9297075,0.16974249999999813
17173082,rotational star,16,25,25,0.0008248922643403489,0.04782614691782568,15.9483719,0.19998069999999935
17173082,rotational star,17,25,25,0.000793432326815946,0.03628842570541481,15.9640684,0.19106489999999887
17173082,rotational star,18,25,25,0.0010545891683761965,0.04664837680475661,15.9740705,0.19136430000000004
17173082,rotational star,19,25,25,0.0008717945202221244,0.028611998720278434,15.9759312,0.3220062999999982
17173082,rotational star,20,25,25,0.0010545891683761965,0.03645519395626229,15.9483719,0.17757229999999957
16958954,rotational star,0,837,38,,0.05235098560352198,17.448988,0.6424046000000025
16958954,rotational star,1,38,38,0.001176934855998013,0.04401339872193972,17.4443569,0.23507310000000103
16958954,rotational star,2,38,38,0.001782022368049141,0.04409998038129267,17.44698335,0.24622540000000015
16958954,rotational star,3,38,38,0.0015444276543803426,0.03441731035290312,17.44821165,0.17043500000000122
16958954,rotational star,4,38,38,0.0016003749456672267,0.03627239564777841,17.44812295,0.26200110000000265
16958954,rotational star,5,38,38,0.0015533864719543544,0.046648980328562406,17.4318466,0.1990013000000026
16958954,rotational star,6,38,38,0.0015784310904436438,0.04117221132916705,17.43175505,0.17600819999999828
16958954,rotational star,7,38,38,0.0015417657697494036,0.04066733863335172,17.4308586,0.21764570000000205
16958954,rotational star,8,38,38,0.0010706502660298156,0.04197039698241437,17.437030800000002,0.20693589999999773
16958954,rotational star,9,38,38,0.0014308443492296874,0.037315385149035075,17.440734900000002,0.18895729999999844
16958954,rotational star,10,38,38,0.0015718670159046155,0.05444690242362022,17.446987149999998,0.5210228000000008
16958954,rotational star,11,38,38,0.0013453300966070891,0.0551293607303517,17.438568099999998,0.5082684000000022
16958954,rotational star,12,38,38,0.0013214589974097635,0.05178115670267454,17.4493742,0.23507310000000103
16958954,rotational star,13,38,38,0.0016468291341595886,0.04474353429140281,17.46282575,0.20930099999999996
16958954,rotational star,14,38,38,0.0018857691020031098,0.05410393198045345,17.44003485,0.5193291000000002
16958954,rotational star,15,38,38,0.0016011763744945284,0.047358350272716336,17.43411445,0.23040010000000066
16958954,rotational star,16,38,38,0.0016601576416519492,0.037571997282741104,17.43475725,0.20186999999999955
16958954,rotational star,17,38,38,0.0016922815377711231,0.03521400705958742,17.4318752,0.13107500000000272
16958954,rotational star,18,38,38,0.0016327469044288279,0.04938298005872474,17.44734575,0.21764570000000205
16958954,rotational star,19,38,38,0.0016182353360534307,0.046245651736115,17.43858145,0.24071130000000096
16958954,rotational star,20,38,38,0.001712756110293867,0.04978128638405535,17.4379406,0.5469856000000028
