source_id,label,n_gotta,median_mag,amplitude
7908534,Ecl,20,15.93027165,0.5462179000000003
4503543,Ecl,20,16.7307701,2.9894781000000012
3707856,Ecl,20,15.3511038,2.1113119000000005
17395501,Ecl,28,16.2506371,0.6273116999999999
18563573,Ecl,20,17.5188866,0.6709823999999998
16765870,Ecl,21,13.453907,1.218664200000001
7222925,Ecl,34,16.845745049999998,0.8080824999999976
1789186,Ecl,22,13.7641277,0.9785109
9956546,Ecl,30,15.1494532,0.6940804000000007
64211202,Ecl,21,14.6405993,0.5500422
3577505,Ecl,23,14.7535553,0.6747169
16030990,Pulsating,24,15.4468646,1.3096207999999994
4723469,Pulsating,22,16.7734337,1.365375499999999
9874894,Pulsating,27,14.56908325,2.0436821
29255984,Pulsating,25,17.8469276,1.5823535999999976
4221685,Pulsating,24,15.8848276,0.4155874999999991
7443675,Pulsating,20,16.52321435,2.1059781000000015
7257067,Pulsating,31,16.0684223,0.8944369000000005
3897960,Pulsating,68,17.0744705,0.7898215999999998
9088982,Pulsating,20,13.92351435,1.0665188000000008
43606826,Pulsating,21,17.604394,1.2953167000000008
6885262,Pulsating,32,15.2298889,0.8812227000000004
60504463,Pulsating,22,14.1165667,1.212833400000001
10781693,Pulsating,28,17.1615629,2.5137663000000003
7437296,rotational star,52,16.4180489,0.721063700000002
4165556,rotational star,21,17.1958084,0.6352691999999998
59051013,rotational star,20,14.0381622,1.5099172999999997
4989912,rotational star,21,15.5820179,1.1545935000000007
63435677,rotational star,21,13.7024746,1.053197900000001
8082471,rotational star,30,16.0369301,0.6433372999999989
3564690,rotational star,26,16.5445261,0.6331462999999999
3874759,rotational star,26,15.4498324,0.8752680000000002
58800074,rotational star,23,13.5323954,0.7277155000000004
6427086,rotational star,20,17.3002815,0.5988387999999993
17173082,rotational star,25,15.9629097,0.537199900000001
16958954,rotational star,38,17.448988,0.6424046000000025
