classifier,split,accuracy,balanced_accuracy,macro_f1
nearest centroid,validation,0.670863309352518,0.685417581010899,0.6716649782606656
nearest centroid,test,0.6820143884892086,0.6938404050144648,0.6825687559241826
logistic regression,validation,0.8057553956834532,0.8040994623655914,0.8032118571334257
logistic regression,test,0.8086330935251799,0.8046916854173364,0.8049492313027523
linear discriminant analysis,validation,0.7571942446043165,0.7537042370711725,0.7561563543796278
linear discriminant analysis,test,0.7841726618705036,0.7779371584699454,0.781136093401833
random forest,validation,0.8579136690647482,0.8529037286957794,0.8559281364130279
random forest,test,0.874820143884892,0.8730994856959177,0.873054517236103
gradient boosting,validation,0.8651079136690647,0.8619740234803599,0.8642450438219803
gradient boosting,test,0.8820143884892087,0.8849177649201757,0.8816286935156169
