feature,n_unique,min,max,std
period,3473,0.0420556,541.4488056,44.898766657331514
phase_cycles_covered,3464,0.0,3203.112480362503,355.4282698345223
phase_points_per_cycle,3394,0.0,271.01892045529,6.894868326655155
phase_amp,3464,0.0,5.408719999999999,0.5944821274230889
phase_mad,3464,0.0,1.6812205000000002,0.08336322694811724
phase_iqr,3464,0.0,3.184122900000002,0.18488986540388463
phase_skew,3464,-4.630223364360503,5.3739971104324935,1.2992139759007744
phase_kurt,3464,-1.6676358867170864,26.933743464351263,4.471057291051045
phase_lag1_circular,3464,-0.2299289339944832,0.9752142325116964,0.24584897551537965
phase_smooth_resid_std,3464,0.0,0.6843453449827771,0.07985038411078217
phase_slope_mean_abs,3464,0.0,0.5374930937500001,0.0538135975526031
phase_slope_asym,3463,0.0,9.666666666010205,0.5621537201673272
phase_peak_count,11,0.0,10.0,1.51882733679748
phase_trough_count,11,0.0,10.0,1.51882733679748
phase_peak_prominence_1,3463,0.0,4.943731999999997,0.5183075622124165
phase_peak_prominence_2,3401,0.0,2.2254155000000004,0.19930165691809287
phase_peak_prom_ratio,3436,0.0,2259882833333.336,60053450118.963
phase_peak_sep,16,0.0,0.5,0.13989163851543146
phase_width_half_amp,32,0.0,0.96875,0.24149060321191912
phase_width_deep_amp,31,0.0,0.9375,0.13713376623707396
phase_deep_run_frac_circular,27,0.0,0.9375,0.11754541850046236
phase_deep_run_count_circular,7,0.0,6.0,0.8207684090043816
