seed,feature_set,balance,split,accuracy,balanced_accuracy,macro_f1
1,basic,natural,validation,0.6438848920863309,0.6433520316728842,0.6455974715145701
1,basic,natural,test,0.679136690647482,0.6805368048858887,0.6809465631858812
1,basic + period,natural,validation,0.814748201438849,0.8127057274522712,0.8160169018576099
1,basic + period,natural,test,0.8244604316546763,0.827102753669774,0.8259513318162273
1,basic + period/window,natural,validation,0.814748201438849,0.8123742776680564,0.816063897842951
1,basic + period/window,natural,test,0.8258992805755395,0.8294144433729776,0.8272430339397419
1,period/window + shape,natural,validation,0.8579136690647482,0.8562925170068029,0.8586038648896102
1,period/window + shape,natural,test,0.8805755395683453,0.8837980820743598,0.8808685222685351
1,corrected full,natural,validation,0.8651079136690647,0.8619740234803599,0.8642450438219803
1,corrected full,natural,test,0.8820143884892087,0.8849177649201757,0.8816286935156169
1,corrected full,undersampling,validation,0.8561151079136691,0.8554250329163923,0.8548235996042647
1,corrected full,undersampling,test,0.883453237410072,0.8870084645880211,0.8830621407949577
1,corrected full,oversampling,validation,0.8615107913669064,0.8589018268597762,0.860635728029957
1,corrected full,oversampling,test,0.8820143884892087,0.8853503696560591,0.8816730014388794
