source_id,broad_class,origin_shift,max_cycle_mean_difference,max_cycle_sd_difference,seam_mean_difference,seam_sd_difference,median_origin_mean_difference,median_origin_sd_difference
10244303,Ecl,0.0,0.005465749625429339,0.0005876354172475271,0.0017684037364400496,0.0005876354172475233,0.0,0.0
10244303,Ecl,0.125,0.01331866143125815,0.0005674418425019482,0.0006732972191176856,2.215221919191863e-06,1.874161224435511e-06,5.362094177962379e-11
10244303,Ecl,0.25,0.008769062765283664,0.0005475264680612574,2.681852612695934e-05,1.0984595017545125e-08,2.103916305173925e-05,1.2290436397235059e-08
10244303,Ecl,0.5,0.050269757642213975,0.0005085767665446769,1.3734307344748231e-06,0.0,3.251703187778787e-05,1.2290614451095777e-08
10498570,Ecl,0.0,0.0012158927734962077,0.013920197136427588,2.9160944412964795e-05,0.013920197136424735,0.0,0.0
10498570,Ecl,0.125,0.009258087931986125,0.012611267639639755,3.109141682600125e-05,2.901367099732155e-07,9.683276402938645e-11,2.8536201179818477e-15
10498570,Ecl,0.25,0.006642076028578359,0.011368470454752744,2.2419111367355526e-07,2.318385761146402e-11,1.6181180839680565e-08,3.0185094007650903e-11
10498570,Ecl,0.5,0.05562570900702468,0.00908922906316309,1.950883898871325e-10,2.14064876935538e-15,1.3526498676696974e-07,3.018438277102575e-11
10724744,Ecl,0.0,0.003522458452938082,0.006287073898567778,0.0023660492716306436,0.006287073898567669,0.0,0.0
10724744,Ecl,0.125,0.04331549871214513,0.005825273333723427,0.0004886406259334564,1.1399154001088402e-06,2.31481855905713e-09,8.693740172205366e-14
10724744,Ecl,0.25,0.06736052635671186,0.005380838700751599,1.0238097795323142e-05,2.6788195620075506e-10,1.1070847705241249e-07,3.323516843678487e-10
10724744,Ecl,0.5,0.06709097668717945,0.009933656710769588,5.0102766380177854e-09,2.194425197110661e-16,7.103083632387097e-07,3.3235146405796723e-10
11281544,Ecl,0.0,0.011253967602172565,0.0010723692511939254,0.011253967602169013,0.0010723692511939201,0.0,0.0
11281544,Ecl,0.125,0.019638081358152704,0.0010277368788159684,0.000512792377836746,1.4076265703712523e-06,1.2864150171765232e-06,2.1086950978757568e-11
11281544,Ecl,0.25,0.01996136257543668,0.000983912071441436,1.6572196919639737e-05,2.1586546836063064e-09,1.3979617655479615e-05,2.258407302748594e-09
11281544,Ecl,0.5,0.017853443745334374,0.0008988075840651354,2.019081861703853e-07,3.0791341698588326e-17,1.8380644903004395e-05,2.2584824581253077e-09
11331797,Ecl,0.0,0.029293167008038523,0.002632234978364275,0.008164729093238066,0.002632234978364275,0.0,0.0
11331797,Ecl,0.125,0.05852024303755954,0.002485836738845841,0.000652316477783188,1.0391750211074038e-06,1.3909835416825445e-07,2.8335164076187525e-12
11331797,Ecl,0.25,0.01643467648194985,0.002343329550710047,1.5880512879817843e-05,1.1925370049098438e-09,2.707991097139484e-06,1.4683070792206876e-09
11331797,Ecl,0.5,0.048351452595351674,0.0020705161963111285,2.981533953061444e-08,8.283304597789254e-17,1.0314371568398428e-05,1.4683080259460246e-09
1148586,Ecl,0.0,0.05849574296576954,0.015729939580282445,0.058495742965721576,0.015729939580281307,0.0,0.0
1148586,Ecl,0.125,0.05092801511788814,0.014194763226465623,0.0002513158200869725,3.4575777578538247e-07,8.570392395768067e-09,2.3089169465251302e-15
1148586,Ecl,0.25,0.036189495934165095,0.012740607557530662,7.647672628507962e-07,7.692759623756373e-12,6.16177437962051e-07,1.057478236921039e-11
1148586,Ecl,0.5,0.008718301075646195,0.010085064300527103,8.419931418757187e-13,3.0791341698588326e-15,4.6712339596410857e-07,1.057478236921039e-11
11566495,Ecl,0.0,0.024948471789880244,0.003385630332742019,0.0022863227955660648,0.00338563033274204,0.0,0.0
11566495,Ecl,0.125,0.011144845996881259,0.0031814454812086734,0.00022145974444853778,1.499477084123367e-06,4.2852025927686554e-08,8.374897997320829e-13
11566495,Ecl,0.25,0.046342315354401364,0.0029832757836492957,3.655861352314105e-06,4.473688832579148e-10,1.8616793759917982e-06,4.761053209664801e-10
11566495,Ecl,0.5,0.02423675695635552,0.002605777691328758,2.3794619607997447e-08,1.1492543028346347e-16,4.180750945437239e-06,4.761062408036032e-10
11767831,Ecl,0.0,0.031022386283733994,0.003257623351180985,0.02714352591761049,0.0032576233511810403,0.0,0.0
11767831,Ecl,0.125,0.02708686927697279,0.0030210372331862067,0.00031845174054545566,1.3892818347578662e-06,2.8809875018964703e-07,1.1419263971912397e-12
11767831,Ecl,0.25,0.07708990262877258,0.005584770981101772,3.6592740277896496e-05,2.373416931739092e-09,5.409626195884698e-06,5.059463971911204e-10
11767831,Ecl,0.5,0.018290501662745484,0.002515989960760802,1.3197064774317369e-08,7.160504827963265e-15,2.0779743694632202e-05,5.5168354758626525e-09
12456197,Ecl,0.0,0.020961824981590382,0.0014321131791044967,0.020961824981590382,0.0014321131791045051,0.0,0.0
12456197,Ecl,0.125,0.05045334080923425,0.0013666813503893233,0.0009887671837205403,8.312315494857139e-07,1.2845715069431662e-06,1.3070932357306386e-11
12456197,Ecl,0.25,0.005569613390381534,0.001302593553418739,8.352857300053529e-06,3.93792979691901e-09,1.3836642523301634e-05,4.021231378480497e-09
12456197,Ecl,0.5,0.027798347597070006,0.0011786458751085998,8.56417621264427e-08,6.548581121812447e-17,3.109798030465072e-05,4.0212405948494845e-09
12644929,Ecl,0.0,0.018747956725670534,0.0017113038890353757,0.005125242100428196,0.0017113038890353757,0.0,0.0
12644929,Ecl,0.125,0.009100488083314318,0.0016527675654709026,0.0002607591087571137,6.140008867940201e-07,3.735896303425079e-07,3.685518470269988e-12
12644929,Ecl,0.25,0.005686133848122665,0.0015699248682028242,6.914699152815729e-06,4.1660107620578035e-09,5.39150959610879e-06,5.4110555185865605e-09
12644929,Ecl,0.5,0.004507628852078227,0.0014106829357270617,1.947205063856927e-09,5.362030264244311e-15,5.6050055725620496e-06,5.229092677958014e-09
10239191,Pulsating,0.0,0.017641108803630345,0.002761220865802391,0.016116946077122662,0.002761220865802434,0.0,0.0
10239191,Pulsating,0.125,0.008427732302337176,0.002605262604379175,0.0001461072030153332,1.1304208390222788e-06,2.9118998057242607e-07,2.5918342992647947e-12
10239191,Pulsating,0.25,0.0062305740124912745,0.0024535320483359217,6.671092869225959e-07,9.087095078144647e-10,1.5064402880682337e-06,1.1279230461951062e-09
10239191,Pulsating,0.5,0.006937179197102239,0.0021633247576265334,7.473360597032297e-09,3.426078865054194e-17,6.125196204465055e-06,1.1279240701156379e-09
10775003,Pulsating,0.0,0.016141756041395894,0.00412892395941734,0.0028619354095695826,0.004128923959417448,0.0,0.0
10775003,Pulsating,0.125,0.021853841286123554,0.0038465537256140636,0.0002902561395110581,1.689456773138441e-06,2.847343765211008e-07,2.0837585129607206e-13
10775003,Pulsating,0.25,0.024733387657047246,0.004512348683477227,4.521827815295865e-06,5.914360598491264e-10,3.6636685649682477e-06,5.730035257042743e-10
10775003,Pulsating,0.5,0.008191306665114695,0.0031066936740534604,5.683411075096956e-09,0.0,3.6654311195150058e-06,6.592963553569975e-10
10781693,Pulsating,0.0,0.048597272411566195,0.005907370548857441,0.048597272411566195,0.005907370548857441,0.0,0.0
10781693,Pulsating,0.125,0.028443262040234174,0.005481916016965712,0.000414161144139058,1.2824108604862772e-06,1.343406310638784e-07,1.6530180002582995e-13
10781693,Pulsating,0.25,0.01208892145969287,0.005072081231766922,3.174400248440179e-06,3.750522869702677e-10,3.5056765987917515e-06,4.410956998962545e-10
10781693,Pulsating,0.5,0.07190815396900518,0.007764157418614215,7.743434338181032e-09,4.2500725161431774e-16,5.469708018068786e-06,6.513383582484877e-10
11007234,Pulsating,0.0,0.1874641155469554,0.007746658217768213,0.18746411554695896,0.007746658217768213,0.0,0.0
11007234,Pulsating,0.125,0.03962408683316809,0.007139044871677857,0.0003037375025414235,6.492656867539831e-07,1.6900613886150495e-07,1.672273430841642e-14
11007234,Pulsating,0.25,0.013830343020526215,0.006556172269549181,3.529357424980617e-06,6.350495823648217e-11,6.825748391392494e-06,7.886277915425399e-11
11007234,Pulsating,0.5,0.019512569626204623,0.0054677156814610505,4.974545220193249e-10,0.0,6.8260641086226315e-06,7.886253108879693e-11
11011121,Pulsating,0.0,0.011523497820732587,0.002933741612295904,0.011523497820732587,0.0029337416122960265,0.0,0.0
11011121,Pulsating,0.125,0.021115352044709823,0.0027647733501712664,0.0004894108774724515,1.2476225077673493e-06,1.1754652362583329e-07,2.109450635001675e-12
11011121,Pulsating,0.25,0.010317741374908707,0.002600500831804064,1.3162355598339559e-05,6.489891610228504e-10,3.7009988869129984e-06,7.984988013680361e-10
11011121,Pulsating,0.5,0.014173949791944196,0.0022866730301553213,1.1067440297551911e-08,7.068998164605489e-17,4.114164864787995e-06,7.98500072920344e-10
1137452,Pulsating,0.0,0.004718016858920038,0.0034079412200385692,0.003819070593646501,0.0034079412200385692,0.0,0.0
1137452,Pulsating,0.125,0.050726779963788715,0.006719436350725076,0.0007448497612969618,1.810070033890672e-06,3.588503361129369e-08,2.8723421210963274e-12
1137452,Pulsating,0.25,0.1217685802421542,0.0030235504377964517,8.9946945564634e-05,2.1626713926636842e-09,2.2114117186333715e-06,8.058472552446849e-10
1137452,Pulsating,0.5,0.017457605394834985,0.006101746799592799,3.3587649994615276e-08,1.8275311819415663e-15,3.1771518855805425e-06,7.362719644035676e-10
11757532,Pulsating,0.0,0.024449803762134792,0.005079144655960639,0.022974461875886476,0.005079144655960736,0.0,0.0
11757532,Pulsating,0.125,0.024808184375956444,0.004730444215311488,0.0003440737867421717,1.55843562002142e-06,1.6376496070336088e-07,2.713116190045106e-13
11757532,Pulsating,0.25,0.0029360321841345183,0.004393815505953625,2.5398641412266443e-07,6.209056836389837e-10,3.365482353245852e-06,6.887346977457742e-10
11757532,Pulsating,0.5,0.002690558253521047,0.003758315127418677,1.1195950833098323e-09,3.885780586188048e-16,3.404229714121243e-06,6.887346006012596e-10
11937619,Pulsating,0.0,0.020092228078247842,0.003769812441160085,0.020092228078247842,0.003769812441160064,0.0,0.0
11937619,Pulsating,0.125,0.044425581256756885,0.0034552017534145727,0.0005355826054938007,1.6720321326397364e-06,1.1978617209251752e-07,3.0850409032945336e-13
11937619,Pulsating,0.25,0.01495709954534874,0.0033067867181955117,1.1316714498832425e-06,5.69878802134105e-10,3.873758590344778e-06,5.370582025973625e-10
11937619,Pulsating,0.5,0.01294008145931258,0.002873275987793092,6.169621258322877e-09,2.8536201179818477e-16,5.4484480997984974e-06,5.403311530843835e-10
12257100,Pulsating,0.0,0.003175006700935512,0.008102526559996659,0.003175006700935512,0.008102526559997044,0.0,0.0
12257100,Pulsating,0.125,0.048995740213229055,0.007458004733819806,0.000379784741827649,5.574559105159249e-07,2.7095179433445082e-09,1.8462661954821158e-14
12257100,Pulsating,0.25,0.006630265153454218,0.006840174468192671,1.1107653818953622e-06,5.4132942919893345e-11,1.556752806664008e-07,6.217302540856284e-11
12257100,Pulsating,0.5,0.025504368868910277,0.00568788756233489,1.0917240444996423e-09,5.134781488891349e-16,4.206575212606367e-07,6.217302540856284e-11
12258499,Pulsating,0.0,0.006421712055390216,0.005060561115890602,0.006421712055390216,0.005060561115890408,0.0,0.0
12258499,Pulsating,0.125,0.004910282194794391,0.004713540935745818,4.2757823495165326e-05,1.5634428464006075e-06,2.9394522371717358e-08,2.7246954692472514e-13
12258499,Pulsating,0.25,0.030883563683158144,0.004378517098374407,3.0945252689207337e-06,6.252742022067048e-10,1.0283638598451716e-06,6.923490851809544e-10
12258499,Pulsating,0.5,0.011780623883877794,0.0037459911149058467,3.605066467571305e-09,4.839878497975292e-16,1.397731567820415e-06,6.923490851809544e-10
10683246,rotational star,0.0,0.01689105871257368,0.00025162604889407436,0.006134128958564133,0.0002516260488940737,0.0,0.0
10683246,rotational star,0.125,0.012579114991709162,0.00025249699999579684,0.00023403267871557887,8.90211428171547e-07,1.9894691796196184e-06,3.3910826945961203e-11
10683246,rotational star,0.25,0.011947887961969883,0.0002424553425619735,5.019577479004056e-06,4.901341165612985e-09,2.2717480199219153e-05,5.578293017826155e-09
10683246,rotational star,0.5,0.012100803154304174,0.0002290894259175119,6.135420314024032e-07,1.0332294915482709e-13,3.571894512433005e-05,5.727939147298633e-09
10745759,rotational star,0.0,0.012238235662543673,0.0020875598440941614,0.0014928175520694253,0.0020875598440941983,0.0,0.0
10745759,rotational star,0.125,0.05140976004370579,0.00197982338816896,0.0005424786568895001,6.996408409448186e-07,9.38354940416275e-08,2.460325346231862e-12
10745759,rotational star,0.25,0.05874314563643601,0.001874683697430159,5.548557598977766e-05,3.166324546305388e-09,4.7609100040091334e-06,6.154336626689599e-09
10745759,rotational star,0.5,0.017838997278442292,0.0027711468835177337,1.087714807113116e-08,7.298849025172416e-16,6.4430756889777285e-06,4.06204291340459e-09
1087435,rotational star,0.0,0.2093218420555054,0.027679250153624504,0.024132740158114174,0.0018542787423497277,0.0,0.0
1087435,rotational star,0.125,0.03123962160852578,0.004484218442435326,0.00671248580521322,0.00020045549582840133,1.2181453179493928e-07,7.393391454613152e-14
1087435,rotational star,0.25,0.007255630027083626,0.004301377650778587,4.388440749458766e-05,1.0371162139505286e-07,4.619627857138653e-06,1.9471468534759673e-10
1087435,rotational star,0.5,0.007375447818665393,0.00368386606875132,2.496702222742897e-08,1.1823875212257917e-14,3.246758055297505e-06,3.3534159563780586e-10
1089135,rotational star,0.0,0.01235639496401042,0.0005641168417338641,0.011579633972738534,0.0005641168417338632,0.0,0.0
1089135,rotational star,0.125,0.029877348942061843,0.000544978416908538,0.0015955490503021252,2.208677442331361e-06,5.223014110100621e-06,6.291734104199587e-11
1089135,rotational star,0.25,0.035477400609410736,0.0005260987134651491,0.00011863965069913718,1.1781681374532955e-08,5.5684621141693924e-05,1.3081751005041865e-08
1089135,rotational star,0.5,0.008752616858370033,0.0004891589804102426,1.4002582204852843e-08,5.637851296924623e-18,4.324272353173342e-05,1.3081991173603987e-08
10999288,rotational star,0.0,0.00762687015772201,0.00035334315369896826,0.00762687015772201,0.00035334315369896826,0.0,0.0
10999288,rotational star,0.125,0.03693869881194267,0.00034296810522324985,0.0024733745147056396,1.6501215855647088e-06,1.9901177292780403e-06,8.90794437996209e-11
10999288,rotational star,0.25,0.02103435242947782,0.0003327027782036887,1.6427086361403553e-05,1.1945681436327689e-08,1.7511649701873466e-05,1.3198685632387526e-08
10999288,rotational star,0.5,0.02302507367850737,0.0003390547330137058,7.734772413670044e-07,1.583016486991773e-13,5.2020970928268184e-05,1.2313829028708437e-08
11331222,rotational star,0.0,0.004151878291438038,0.0006765755242019555,0.002043195592857927,0.0006765755242019555,0.0,0.0
11331222,rotational star,0.125,0.007381815834929029,0.0006522470053624779,0.000285283996046104,2.1707047140955785e-06,1.5359850564777844e-06,2.569167838542552e-11
11331222,rotational star,0.25,0.017909072115987357,0.0006210018963987856,5.748616463208123e-05,7.759275970874169e-09,2.0159813423958894e-05,9.006231688809402e-09
11331222,rotational star,0.5,0.021294732592590293,0.0005815519415051915,4.7333931973980725e-07,1.2340389127230011e-15,3.7765146490897905e-05,9.006298954880587e-09
12380680,rotational star,0.0,0.016986553769221757,0.001044875703179702,0.003391878185674102,0.001044875703179697,0.0,0.0
12380680,rotational star,0.125,0.013412227198720927,0.0010017492707276663,0.000247351776078375,1.4653762268810027e-06,1.7094963737918079e-06,2.0338693186225387e-11
12380680,rotational star,0.25,0.03193418614809218,0.0009593942124439497,1.6521139347247527e-05,2.114145417975513e-09,3.516424154526021e-05,2.254916048154143e-09
12380680,rotational star,0.5,0.029950136612651335,0.0008771156056773806,4.907060464631741e-07,1.9949319973733282e-17,3.556587001796174e-05,2.255001220257888e-09
12428154,rotational star,0.0,0.008012354488789342,0.0008219098066255546,0.008012354488789342,0.00082190980662555,0.0,0.0
12428154,rotational star,0.125,0.03042318795503185,0.0011140285176161108,0.0005895641129303186,1.2527166667710473e-06,7.922716527275497e-07,1.1667328778455777e-11
12428154,rotational star,0.25,0.04671108694335402,0.000764116709714594,4.133757461666221e-05,1.1274169873934717e-08,9.642239113816231e-06,4.570413679027413e-09
12428154,rotational star,0.5,0.019420291432167502,0.0007002223346183334,1.6338646524616252e-07,1.4134526882259024e-14,1.5728494437539098e-05,4.5704892954068904e-09
12458863,rotational star,0.0,0.015998157753347897,0.0006969310104637061,0.015998157753347897,0.0006969310104637089,0.0,0.0
12458863,rotational star,0.125,0.02462881078290735,0.0006716565373488324,0.001343902554463483,2.1480788727613973e-06,1.7728795853599877e-06,2.1462656304982453e-11
12458863,rotational star,0.25,0.009258838756462495,0.0006467586877597828,1.1187529160849863e-05,7.142399847340913e-09,1.6930023733152666e-05,8.271970476647628e-09
12458863,rotational star,0.5,0.032890567642756,0.0005981539193994358,2.1269122285616504e-07,1.0408340855860843e-17,3.3234911743562634e-05,8.272034354587024e-09
12645321,rotational star,0.0,0.02660353310933239,0.0023119071097753067,0.02660353310933239,0.002311907109775346,0.0,0.0
12645321,rotational star,0.125,0.00827469519552615,0.0021885728046779646,6.572240373259319e-06,8.199803594993033e-07,1.0380933055387231e-06,3.606996645810767e-12
12645321,rotational star,0.25,0.002574908990645497,0.0020683697797880007,2.0360421615350788e-06,2.239597171778407e-09,6.2606942492493545e-06,6.599430191125272e-09
12645321,rotational star,0.5,0.08211651632038652,0.001837710420229031,2.510757166618305e-07,3.861928138393367e-15,5.3344911350450275e-05,6.2903859829321895e-09
