source_id,label,n,occupied_bins
7908534,Ecl,20,20
36932838,Ecl,24,20
8819196,Ecl,25,21
3539186,Ecl,69,33
4503543,Ecl,20,18
3707856,Ecl,20,20
17395501,Ecl,28,24
22436608,Ecl,20,17
18563573,Ecl,20,19
16765870,Ecl,21,21
7222925,Ecl,34,28
24136790,Ecl,21,20
1528638,Ecl,27,25
1789186,Ecl,22,19
9956546,Ecl,30,26
64211202,Ecl,21,19
63741,Ecl,22,21
47022061,Ecl,20,18
3577505,Ecl,23,21
31527894,Ecl,25,24
7442275,Ecl,22,20
28308557,Ecl,20,19
779132,Ecl,30,26
20029567,Ecl,25,22
11566495,Ecl,26,24
28903167,Ecl,29,25
9643411,Ecl,20,20
396706,Ecl,21,18
12827079,Ecl,27,25
4049593,Ecl,22,19
11767831,Ecl,21,20
7903764,Ecl,20,16
39374606,Ecl,22,20
31498095,Ecl,28,23
5285390,Ecl,33,31
12644929,Ecl,22,18
32980056,Ecl,23,22
8260014,Ecl,55,44
32639569,Ecl,23,21
22025457,Ecl,20,18
4220347,Ecl,23,22
20465302,Ecl,20,18
26123221,Ecl,25,25
29186694,Ecl,23,21
16346242,Ecl,24,21
37015268,Ecl,22,18
31429308,Ecl,23,21
23369964,Ecl,20,20
11331797,Ecl,24,23
33292680,Ecl,20,16
16738839,Ecl,31,28
28904467,Ecl,29,20
18565790,Ecl,23,23
10244303,Ecl,25,22
59051356,Ecl,20,18
9427365,Ecl,21,21
8395893,Ecl,55,47
41234847,Ecl,52,24
8076701,Ecl,41,34
18534956,Ecl,33,31
6422961,Ecl,21,20
28685888,Ecl,21,20
1148586,Ecl,20,20
6251007,Ecl,20,18
12456197,Ecl,20,18
15517603,Ecl,30,26
11281544,Ecl,23,22
14506569,Ecl,32,27
24578447,Ecl,25,23
5749047,Ecl,21,20
1526394,Ecl,26,24
36072883,Ecl,20,18
1860824,Ecl,22,20
27147130,Ecl,20,20
1487059,Ecl,26,23
10724744,Ecl,33,31
8899537,Ecl,22,20
21423044,Ecl,23,22
60263670,Ecl,27,22
29561134,Ecl,21,20
41128990,Ecl,29,26
15516254,Ecl,29,21
38003224,Ecl,21,21
36075031,Ecl,20,18
10498570,Ecl,29,29
31421863,Ecl,20,16
63434538,Ecl,20,19
58251450,Ecl,27,23
28766310,Ecl,26,26
16190988,Ecl,30,30
20190462,Ecl,57,43
57827024,Ecl,23,21
14021974,Ecl,24,22
1361192,Ecl,27,23
26803671,Ecl,22,20
13654275,Ecl,20,19
14462866,Ecl,26,24
48291723,Ecl,20,20
21422125,Ecl,23,22
18563120,Ecl,21,20
16030990,Pulsating,24,22
15134517,Pulsating,26,24
4723469,Pulsating,22,20
9874894,Pulsating,27,15
22672659,Pulsating,20,15
21891765,Pulsating,20,19
4085335,Pulsating,20,18
29255984,Pulsating,25,23
4221685,Pulsating,24,22
8700246,Pulsating,25,22
7443675,Pulsating,20,19
3171009,Pulsating,38,33
7257067,Pulsating,31,27
3897960,Pulsating,68,20
9088982,Pulsating,20,20
43606826,Pulsating,21,20
6885262,Pulsating,32,29
60504463,Pulsating,22,21
10781693,Pulsating,28,24
41479209,Pulsating,20,20
37972693,Pulsating,22,19
7366942,Pulsating,22,16
46259988,Pulsating,23,22
46914594,Pulsating,20,19
42477419,Pulsating,24,24
27142668,Pulsating,20,16
20475980,Pulsating,23,22
60263788,Pulsating,25,23
15211789,Pulsating,22,19
5554190,Pulsating,22,22
58796041,Pulsating,23,19
25365677,Pulsating,22,19
12257100,Pulsating,23,21
13088029,Pulsating,21,20
1137452,Pulsating,27,20
18273669,Pulsating,20,18
8396331,Pulsating,26,21
11007234,Pulsating,21,20
25793632,Pulsating,20,20
3540068,Pulsating,67,22
6712584,Pulsating,28,23
29188415,Pulsating,21,19
855356,Pulsating,372,69
1527302,Pulsating,25,25
8075730,Pulsating,20,18
20727397,Pulsating,24,23
29115645,Pulsating,23,21
10775003,Pulsating,29,25
11937619,Pulsating,22,19
7445268,Pulsating,21,19
17173610,Pulsating,25,25
11757532,Pulsating,20,20
20236425,Pulsating,31,29
20727061,Pulsating,25,22
6775810,Pulsating,26,24
4568345,Pulsating,26,22
12486028,Pulsating,21,18
28684532,Pulsating,20,17
21849999,Pulsating,22,20
39827041,Pulsating,22,21
4530813,Pulsating,23,19
22039675,Pulsating,31,23
3891514,Pulsating,29,27
4112491,Pulsating,23,21
3510231,Pulsating,41,34
6964581,Pulsating,23,20
26121623,Pulsating,23,20
4232752,Pulsating,20,17
24058064,Pulsating,20,20
10239191,Pulsating,20,18
26693205,Pulsating,20,17
22898690,Pulsating,24,23
12373379,Pulsating,20,19
11011121,Pulsating,22,20
412163,Pulsating,20,18
7947845,Pulsating,20,18
3384809,Pulsating,21,19
28039132,Pulsating,21,20
46898175,Pulsating,20,18
13208782,Pulsating,30,28
16151233,Pulsating,29,26
12258499,Pulsating,23,21
3169596,Pulsating,20,17
16956216,Pulsating,24,23
17488899,Pulsating,27,26
4083549,Pulsating,22,21
16657969,Pulsating,23,21
14738575,Pulsating,22,20
21742048,Pulsating,23,22
21232672,Pulsating,24,22
3892908,Pulsating,28,25
65712645,Pulsating,20,18
28766428,Pulsating,28,26
52059747,Pulsating,20,17
1525735,Pulsating,26,23
16027803,Pulsating,25,23
1989190,Pulsating,20,17
29189060,Pulsating,23,15
13208778,Pulsating,30,27
26917114,Pulsating,29,28
7437296,rotational star,52,40
26067932,rotational star,20,19
4165556,rotational star,21,19
8896298,rotational star,23,21
59051013,rotational star,20,18
4989912,rotational star,21,19
63435677,rotational star,21,20
8082471,rotational star,30,28
43602504,rotational star,22,20
3564690,rotational star,26,23
24174358,rotational star,29,28
42487693,rotational star,24,22
3874759,rotational star,26,23
58800074,rotational star,23,23
20727275,rotational star,25,21
6427086,rotational star,20,19
17173082,rotational star,25,23
3316543,rotational star,27,26
16958954,rotational star,38,29
39595213,rotational star,22,21
29244733,rotational star,23,22
356960,rotational star,21,16
20196747,rotational star,20,18
713256,rotational star,25,23
28264500,rotational star,20,18
12645321,rotational star,24,20
9452348,rotational star,27,23
8667230,rotational star,20,17
1089135,rotational star,26,25
16651735,rotational star,23,20
8394147,rotational star,27,24
14025549,rotational star,25,23
17904870,rotational star,20,19
44661540,rotational star,23,22
23524514,rotational star,26,24
2210879,rotational star,25,21
23520861,rotational star,23,21
1087435,rotational star,28,24
4994551,rotational star,21,20
68234,rotational star,21,21
12458863,rotational star,26,25
7075075,rotational star,22,20
6456916,rotational star,33,31
21736850,rotational star,56,35
3580689,rotational star,22,20
1960442,rotational star,20,18
17172959,rotational star,25,20
10745759,rotational star,24,21
67084,rotational star,20,18
21599615,rotational star,22,20
25299815,rotational star,28,25
4561956,rotational star,21,18
16524755,rotational star,20,19
18655471,rotational star,44,28
8337585,rotational star,24,21
29120461,rotational star,23,22
5748902,rotational star,33,27
21601027,rotational star,23,21
57827397,rotational star,23,23
16525820,rotational star,20,18
61497610,rotational star,22,21
4205438,rotational star,22,22
18313806,rotational star,20,19
640768,rotational star,24,24
6970333,rotational star,24,24
4266254,rotational star,24,23
10999288,rotational star,20,13
40432753,rotational star,22,21
32006741,rotational star,21,20
20925153,rotational star,25,16
3238469,rotational star,20,18
17852168,rotational star,24,23
26820043,rotational star,21,20
63438290,rotational star,22,21
26145781,rotational star,20,18
5229099,rotational star,38,33
7070781,rotational star,21,20
390886,rotational star,33,29
1801887,rotational star,25,25
12380680,rotational star,20,19
15601545,rotational star,57,46
17576796,rotational star,24,20
31596857,rotational star,23,18
16193174,rotational star,25,21
3026911,rotational star,24,22
31495559,rotational star,21,17
12428154,rotational star,34,21
21531680,rotational star,26,25
15598458,rotational star,30,24
1817711,rotational star,22,19
21741260,rotational star,28,27
11331222,rotational star,23,21
24138124,rotational star,22,21
25173249,rotational star,21,19
6035659,rotational star,20,17
10683246,rotational star,24,21
25785978,rotational star,25,20
20191701,rotational star,20,19
13397690,rotational star,21,17
16197570,rotational star,25,21
