variant_a,variant_b,metric,mean_paired_difference,ci_lo,ci_hi,n_sources,bootstrap_replicates,seed
binned_complete,raw,mean_logp,-3.8956272952019737,-4.867533137572559,-3.0217779484106897,300,5000,1
binned_complete,raw,median_abs_residual,-0.00934678742007824,-0.01883400540228444,-1.7054264831107747e-05,300,5000,1
binned_complete,raw,coverage3,-0.1619235282586885,-0.18129876355236618,-0.14291338824629965,300,5000,1
binned_complete,floor,mean_logp,-3.849585703539533,-4.860503521316867,-3.001523136174871,300,5000,1
binned_complete,floor,median_abs_residual,0.0002817364636768962,-0.007414088460643457,0.008243757660211787,300,5000,1
binned_complete,floor,coverage3,-0.1564930745036004,-0.1761248552017007,-0.13756146479776207,300,5000,1
binned_complete,inflation,mean_logp,-3.8403759540493865,-4.8051448846827185,-3.008576109872231,300,5000,1
binned_complete,inflation,median_abs_residual,0.0003894288710673362,-0.007801754912360716,0.008294170196343102,300,5000,1
binned_complete,inflation,coverage3,-0.15636591363873498,-0.17642831212212357,-0.137109909985007,300,5000,1
