source_id,label,Type
7908534,Ecl,EA
36932838,Ecl,EW
8819196,Ecl,EW
3539186,Ecl,EW
4503543,Ecl,EA
3707856,Ecl,EW
17395501,Ecl,EW
22436608,Ecl,EW
18563573,Ecl,EW
16765870,Ecl,EW
7222925,Ecl,EW
24136790,Ecl,EW
1528638,Ecl,EW
1789186,Ecl,EW
9956546,Ecl,EW
64211202,Ecl,EW
63741,Ecl,EW
47022061,Ecl,EW
3577505,Ecl,EW
31527894,Ecl,EA
7442275,Ecl,EW
28308557,Ecl,EW
779132,Ecl,EW
20029567,Ecl,EW
11566495,Ecl,EW
28903167,Ecl,EW
9643411,Ecl,EW
396706,Ecl,EW
12827079,Ecl,EW
4049593,Ecl,EW
11767831,Ecl,EW
7903764,Ecl,EW
39374606,Ecl,EW
31498095,Ecl,EW
5285390,Ecl,EW
12644929,Ecl,EW
32980056,Ecl,EW
8260014,Ecl,EW
32639569,Ecl,EW
22025457,Ecl,EW
4220347,Ecl,EW
20465302,Ecl,EW
26123221,Ecl,EA
29186694,Ecl,EW
16346242,Ecl,EW
37015268,Ecl,EW
31429308,Ecl,EW
23369964,Ecl,EW
11331797,Ecl,EW
33292680,Ecl,EW
16738839,Ecl,EW
28904467,Ecl,EW
18565790,Ecl,EW
10244303,Ecl,EW
59051356,Ecl,EW
9427365,Ecl,EW
8395893,Ecl,EW
41234847,Ecl,EW
8076701,Ecl,EW
18534956,Ecl,EA
6422961,Ecl,EW
28685888,Ecl,EW
1148586,Ecl,EW
6251007,Ecl,EW
12456197,Ecl,EW
15517603,Ecl,EW
11281544,Ecl,EW
14506569,Ecl,EW
24578447,Ecl,EW
5749047,Ecl,EW
1526394,Ecl,EW
36072883,Ecl,EW
1860824,Ecl,EW
27147130,Ecl,EA
1487059,Ecl,EW
10724744,Ecl,EW
8899537,Ecl,EW
21423044,Ecl,EW
60263670,Ecl,EA
29561134,Ecl,EW
41128990,Ecl,EA
15516254,Ecl,EW
38003224,Ecl,EW
36075031,Ecl,EW
10498570,Ecl,EW
31421863,Ecl,EW
63434538,Ecl,EW
58251450,Ecl,EW
28766310,Ecl,EW
16190988,Ecl,EW
20190462,Ecl,EW
57827024,Ecl,EW
14021974,Ecl,EW
1361192,Ecl,EW
26803671,Ecl,EW
13654275,Ecl,EW
14462866,Ecl,EW
48291723,Ecl,EW
21422125,Ecl,EW
18563120,Ecl,EW
16030990,Pulsating,RR
15134517,Pulsating,RR
4723469,Pulsating,RR
9874894,Pulsating,SR
22672659,Pulsating,SR
21891765,Pulsating,RRc
4085335,Pulsating,RR
29255984,Pulsating,RR
4221685,Pulsating,DSCT
8700246,Pulsating,DSCT
7443675,Pulsating,RRc
3171009,Pulsating,RR
7257067,Pulsating,RRc
3897960,Pulsating,RR
9088982,Pulsating,DSCT
43606826,Pulsating,RR
6885262,Pulsating,RRc
60504463,Pulsating,RR
10781693,Pulsating,RR
41479209,Pulsating,RR
37972693,Pulsating,RRc
7366942,Pulsating,SR
46259988,Pulsating,DSCT
46914594,Pulsating,RRc
42477419,Pulsating,SR
27142668,Pulsating,SR
20475980,Pulsating,RRc
60263788,Pulsating,RR
15211789,Pulsating,DSCT
5554190,Pulsating,RRc
58796041,Pulsating,RRc
25365677,Pulsating,RRc
12257100,Pulsating,RR
13088029,Pulsating,SR
1137452,Pulsating,DSCT
18273669,Pulsating,SR
8396331,Pulsating,RRc
11007234,Pulsating,RR
25793632,Pulsating,RRc
3540068,Pulsating,RR
6712584,Pulsating,SR
29188415,Pulsating,DSCT
855356,Pulsating,RR
1527302,Pulsating,RR
8075730,Pulsating,RR
20727397,Pulsating,RR
29115645,Pulsating,DSCT
10775003,Pulsating,RRc
11937619,Pulsating,RR
7445268,Pulsating,RRc
17173610,Pulsating,RR
11757532,Pulsating,RR
20236425,Pulsating,RR
20727061,Pulsating,DSCT
6775810,Pulsating,RR
4568345,Pulsating,RR
12486028,Pulsating,RR
28684532,Pulsating,RR
21849999,Pulsating,RR
39827041,Pulsating,DSCT
4530813,Pulsating,RRc
22039675,Pulsating,SR
3891514,Pulsating,RRc
4112491,Pulsating,RRc
3510231,Pulsating,RR
6964581,Pulsating,DSCT
26121623,Pulsating,SR
4232752,Pulsating,RR
24058064,Pulsating,RR
10239191,Pulsating,RRc
26693205,Pulsating,SR
22898690,Pulsating,RR
12373379,Pulsating,RRc
11011121,Pulsating,RRc
412163,Pulsating,RR
7947845,Pulsating,RRc
3384809,Pulsating,RR
28039132,Pulsating,SR
46898175,Pulsating,RR
13208782,Pulsating,SR
16151233,Pulsating,RRc
12258499,Pulsating,RR
3169596,Pulsating,RRc
16956216,Pulsating,RR
17488899,Pulsating,RR
4083549,Pulsating,RR
16657969,Pulsating,RR
14738575,Pulsating,DSCT
21742048,Pulsating,RRc
21232672,Pulsating,RR
3892908,Pulsating,RRc
65712645,Pulsating,RR
28766428,Pulsating,DSCT
52059747,Pulsating,RR
1525735,Pulsating,RRc
16027803,Pulsating,DSCT
1989190,Pulsating,RR
29189060,Pulsating,SR
13208778,Pulsating,RR
26917114,Pulsating,RRc
7437296,rotational star,BYDra
26067932,rotational star,BYDra
4165556,rotational star,BYDra
8896298,rotational star,BYDra
59051013,rotational star,BYDra
4989912,rotational star,BYDra
63435677,rotational star,RSCVN
8082471,rotational star,BYDra
43602504,rotational star,BYDra
3564690,rotational star,RSCVN
24174358,rotational star,BYDra
42487693,rotational star,BYDra
3874759,rotational star,RSCVN
58800074,rotational star,RSCVN
20727275,rotational star,RSCVN
6427086,rotational star,BYDra
17173082,rotational star,BYDra
3316543,rotational star,BYDra
16958954,rotational star,BYDra
39595213,rotational star,RSCVN
29244733,rotational star,BYDra
356960,rotational star,BYDra
20196747,rotational star,BYDra
713256,rotational star,RSCVN
28264500,rotational star,BYDra
12645321,rotational star,BYDra
9452348,rotational star,RSCVN
8667230,rotational star,BYDra
1089135,rotational star,BYDra
16651735,rotational star,BYDra
8394147,rotational star,RSCVN
14025549,rotational star,BYDra
17904870,rotational star,RSCVN
44661540,rotational star,BYDra
23524514,rotational star,BYDra
2210879,rotational star,BYDra
23520861,rotational star,BYDra
1087435,rotational star,RSCVN
4994551,rotational star,BYDra
68234,rotational star,RSCVN
12458863,rotational star,BYDra
7075075,rotational star,RSCVN
6456916,rotational star,RSCVN
21736850,rotational star,BYDra
3580689,rotational star,BYDra
1960442,rotational star,BYDra
17172959,rotational star,BYDra
10745759,rotational star,RSCVN
67084,rotational star,RSCVN
21599615,rotational star,BYDra
25299815,rotational star,BYDra
4561956,rotational star,BYDra
16524755,rotational star,BYDra
18655471,rotational star,RSCVN
8337585,rotational star,BYDra
29120461,rotational star,BYDra
5748902,rotational star,BYDra
21601027,rotational star,BYDra
57827397,rotational star,RSCVN
16525820,rotational star,BYDra
61497610,rotational star,RSCVN
4205438,rotational star,BYDra
18313806,rotational star,BYDra
640768,rotational star,BYDra
6970333,rotational star,BYDra
4266254,rotational star,BYDra
10999288,rotational star,RSCVN
40432753,rotational star,BYDra
32006741,rotational star,BYDra
20925153,rotational star,RSCVN
3238469,rotational star,BYDra
17852168,rotational star,BYDra
26820043,rotational star,BYDra
63438290,rotational star,BYDra
26145781,rotational star,BYDra
5229099,rotational star,BYDra
7070781,rotational star,BYDra
390886,rotational star,BYDra
1801887,rotational star,RSCVN
12380680,rotational star,BYDra
15601545,rotational star,BYDra
17576796,rotational star,BYDra
31596857,rotational star,BYDra
16193174,rotational star,BYDra
3026911,rotational star,RSCVN
31495559,rotational star,BYDra
12428154,rotational star,RSCVN
21531680,rotational star,BYDra
15598458,rotational star,BYDra
1817711,rotational star,BYDra
21741260,rotational star,BYDra
11331222,rotational star,BYDra
24138124,rotational star,RSCVN
25173249,rotational star,BYDra
6035659,rotational star,RSCVN
10683246,rotational star,BYDra
25785978,rotational star,RSCVN
20191701,rotational star,BYDra
13397690,rotational star,BYDra
16197570,rotational star,BYDra
