source_id,reason
1088282,light-curve file has no accepted entry in final cross-match table
16811503,light-curve file has no accepted entry in final cross-match table
19662479,light-curve file has no accepted entry in final cross-match table
20728756,light-curve file has no accepted entry in final cross-match table
21534047,light-curve file has no accepted entry in final cross-match table
24694779,light-curve file has no accepted entry in final cross-match table
29104348,light-curve file has no accepted entry in final cross-match table
39827970,light-curve file has no accepted entry in final cross-match table
4203838,light-curve file has no accepted entry in final cross-match table
4565387,light-curve file has no accepted entry in final cross-match table
47022377,light-curve file has no accepted entry in final cross-match table
65770508,light-curve file has no accepted entry in final cross-match table
7216780,light-curve file has no accepted entry in final cross-match table
7367238,light-curve file has no accepted entry in final cross-match table
